country,year_month,sunshine_hours,daylight_hours,temperature_2m_mean,temperature_2m_max,temperature_2m_min,precipitation_sum,rain_sum,precipitation_hours,retail_index,unemployment_rate,inflation_yoy,CCI,covid_dummy,month_num,month_sin,month_cos
Germany,2015-01,90.45569789158128,260.5061572186698,2.4972819124682446,11.886582903298182,-4.18838905093112,89.43171415750504,73.21575050482387,191.6312542068656,84.5,4.5,-0.5,99.64577,0,1,0.49999999999999994,0.8660254037844387
Germany,2015-02,170.67634730511304,278.97864240925634,1.2109041956472966,9.801222795602422,-7.359389724029617,18.682140453219656,12.722862912272829,53.18712138209558,84.5,4.5,-0.2,99.73933,0,2,0.8660254037844386,0.5000000000000001
Germany,2015-03,241.15137636582898,368.3556116580036,5.518422271598862,15.600931119587164,-2.3879964101413504,56.812194301099396,53.4755104330267,124.64056540273727,84.3,4.5,0.3,99.83885,0,3,1.0,6.123233995736766e-17
Germany,2015-04,324.71901380755617,416.58630753714505,8.589732630319347,20.83270136863361,-2.643773838905093,37.266490913170294,36.50068431680502,91.62788871438187,84.9,4.4,1.0,99.92391,0,4,0.8660254037844387,-0.49999999999999983
Germany,2015-05,335.578941529554,484.9180200792138,12.899274066890067,25.144043078303792,3.356113978012116,66.30668611173435,66.30668611173435,109.13596589634282,86.0,4.4,1.6,99.97682,0,5,0.49999999999999994,-0.8660254037844387
Germany,2015-06,334.15271455108063,497.58462900244314,16.435992820282703,29.146174556876822,7.854307830379179,54.35132376037693,54.35132376037693,95.4810410590083,85.4,4.4,1.1,99.99178,0,6,1.2246467991473532e-16,-1.0
Germany,2015-07,372.77475867112906,500.1763394865755,19.90352110127599,35.01238501234014,9.795658514695983,70.79091317029393,70.79091317029393,106.08368857976217,86.6,4.3,1.3,99.96956,0,7,-0.4999999999999998,-0.8660254037844388
Germany,2015-08,353.1401153120559,452.1316915382794,21.154218083912948,34.002827013686336,9.45541844289881,64.8836212699125,64.8836212699125,99.36459501907112,86.1,4.3,1.1,99.91476,0,8,-0.8660254037844384,-0.5000000000000004
Germany,2015-09,269.9475824427243,379.7790963409617,14.150096103507591,25.739118240969262,6.11452770922145,56.83574153017725,56.83574153017725,112.11689477226834,86.7,4.3,0.8,99.83842,0,9,-1.0,-1.8369701987210297e-16
Germany,2015-10,163.90768506032958,330.8463101965074,9.181979778094625,19.726879066636748,1.062396230648418,60.15503702041732,60.12079874354948,108.44738613417097,86.5,4.2,1.2,99.75675,0,10,-0.8660254037844386,0.5000000000000001
Germany,2015-11,130.5594519370279,266.3430768522673,7.736120708997083,16.986066861117344,-2.6899708323984743,91.8197554408795,87.19411038815346,169.30367960511555,86.2,4.2,0.2,99.67672,0,11,-0.5000000000000004,0.8660254037844384
Germany,2015-12,122.58407100784035,244.713432453631,6.801220986197863,13.567769800314114,-1.2792797846084811,39.82123625757236,39.82123625757236,82.87659860892977,88.7,4.2,0.2,99.59998,0,12,-2.4492935982947064e-16,1.0
Germany,2016-01,107.95264913151598,260.23570691639867,0.9053391909790326,11.043897240296163,-10.6906551492035,67.91231770249047,51.85793134395333,164.4838456360781,87.3,4.1,0.4,99.53175,0,1,0.49999999999999994,0.8660254037844387
Germany,2016-02,144.16691833539002,289.4086407685787,3.669449838688464,12.679100291676017,-3.888568543863585,78.96529055418442,70.89574826116221,166.6818487772044,87.0,4.1,-0.1,99.47958,0,2,0.8660254037844386,0.5000000000000001
Germany,2016-03,202.14727164416774,369.9409028712637,4.321107789848517,15.3375925510433,-3.9309737491586274,41.47162889836213,37.34925959165358,113.6274399820507,86.4,4.0,0.1,99.45615,0,3,1.0,6.123233995736766e-17
Germany,2016-04,306.01585300214396,418.01060422151176,8.503375962904792,20.337704734126092,-0.8335539600628226,52.492966120709,52.03587614987659,138.82533094009423,86.4,4.0,-0.3,99.45306,0,4,0.8660254037844387,-0.49999999999999983
Germany,2016-05,351.60935873843886,486.06422937700995,14.616625894750557,26.37456809513125,3.81199237155037,61.106540273726715,61.106540273726715,103.17859546780346,86.8,4.0,-0.1,99.46448,0,5,0.49999999999999994,-0.8660254037844387
Germany,2016-06,345.7747962172488,497.7761693534515,17.95552987809438,31.277462418667263,9.833161319273053,100.36816244110389,100.36816244110389,153.62519632039488,86.5,4.0,0.1,99.48529,0,6,1.2246467991473532e-16,-1.0
Germany,2016-07,366.41292353663397,499.30178234238275,19.416801045112077,30.01831949741979,10.137536459501906,68.35754992147184,68.35754992147184,113.16502131478573,87.6,3.9,0.3,99.52063,0,7,-0.4999999999999998,-0.8660254037844388
Germany,2016-08,340.9154928657792,450.7598358671129,18.721826485340205,32.35356742203276,8.969744222571236,45.20584473861342,45.20584473861342,83.0631590756114,87.8,3.9,0.3,99.57672,0,8,-0.8660254037844384,-0.5000000000000004
Germany,2016-09,299.9005425145838,378.28780278369857,18.216571684989905,30.03120933363249,8.65161543639219,27.87231321516715,27.87231321516715,49.721000673098494,87.1,3.8,0.6,99.6664,0,9,-1.0,-1.8369701987210297e-16
Germany,2016-10,151.47389577319075,329.37067720470924,9.305153184190146,18.197363697554408,1.7983172537581331,52.94061027597038,52.94061027597038,138.787861790442,89.8,3.7,0.7,99.77901,0,10,-0.8660254037844386,0.5000000000000001
Germany,2016-11,126.80544025409466,265.18998325200056,4.21100403859098,13.85052726048912,-5.164168723356517,50.05042629571461,46.794648866950865,114.29964101413506,87.8,3.7,0.8,99.90325,0,11,-0.5000000000000004,0.8660254037844384
Germany,2016-12,108.31728585994564,244.51949094900652,2.741867450259469,10.135685438635855,-4.453230872784384,33.636986762396226,33.43667264976442,82.5972627327799,90.6,3.7,1.6,100.052,0,12,-2.4492935982947064e-16,1.0
Germany,2017-01,124.63180276157357,261.1605793402388,-1.6545278539738142,6.65795378056989,-11.44619699349338,53.92480367960512,29.637289656719766,149.48137760825668,88.4,3.7,1.7,100.2156,0,1,0.49999999999999994,0.8660254037844387
Germany,2017-02,136.61244107240796,279.84532016179287,2.6585399371774736,13.337413058110837,-5.470103208436168,42.53564056540273,41.56501009647745,124.15335427417546,88.8,3.6,2.1,100.3889,0,2,0.8660254037844386,0.5000000000000001
Germany,2017-03,230.30497467279935,369.44175797185454,7.122540476380033,21.025600179492933,-1.8444805923266772,64.94234911375365,64.40520529504151,138.18970159299977,91.0,3.6,1.5,100.5632,0,3,1.0,6.123233995736766e-17
Germany,2017-04,284.2011109369157,417.5375723325356,7.744112257871513,20.199147408570788,-2.841754543414853,56.02388377832623,52.672066412385014,158.50740408346422,89.8,3.6,2.0,100.7281,0,4,0.8660254037844387,-0.49999999999999983
Germany,2017-05,310.82438867013184,485.70853849157385,14.30366187295085,29.04587166255329,0.9854610724702715,63.28326228404757,63.28326228404757,133.40946825218757,90.6,3.6,1.3,100.8713,0,5,0.49999999999999994,-0.8660254037844387
Germany,2017-06,327.1355446719268,497.7060760074663,18.249262957146062,30.367040610275975,8.294514247251513,143.80370204173207,143.80370204173207,140.14853040161543,90.8,3.5,1.7,101.0015,0,6,1.2246467991473532e-16,-1.0
Germany,2017-07,321.8760761296213,499.59200994970456,18.406542445012192,29.201402288534887,10.123850123401391,115.78355396006283,115.78355396006283,164.30581108368858,90.8,3.5,1.7,101.1175,0,7,-0.4999999999999998,-0.8660254037844388
Germany,2017-08,310.01176991374365,451.1909194718669,18.4849381545521,29.22280682073143,9.134653354274176,83.72508413731208,83.72508413731208,145.08783935382544,90.2,3.5,1.9,101.2172,0,8,-0.8660254037844384,-0.5000000000000004
Germany,2017-09,247.9788263698801,378.7705295234712,13.749182185326454,22.021483060354498,5.61350684316805,67.35481265425173,67.35481265425173,156.15705631590757,92.2,3.4,1.9,101.3019,0,9,-1.0,-1.8369701987210297e-16
Germany,2017-10,173.02555087970234,329.8251261963079,11.869996815447974,21.701637873008746,2.5651222795602417,69.99188916311421,69.99188916311421,160.2880861566076,90.6,3.4,1.5,101.3679,0,10,-0.8660254037844386,0.5000000000000001
Germany,2017-11,100.40269956529056,265.5664584610974,5.735699274549399,14.167848328472067,-2.06073592102311,79.07264976441553,77.05906439308953,189.42091092663227,91.4,3.4,1.7,101.408,0,11,-0.5000000000000004,0.8660254037844384
Germany,2017-12,76.7042346221923,244.5825285652407,3.153317724203319,11.909535562037245,-3.48118689701593,70.03698676239624,48.4296499887817,192.6148754767781,93.6,3.4,1.5,101.4177,0,12,-2.4492935982947064e-16,1.0
Germany,2018-01,106.3545445971381,260.8363673129659,3.736994361895388,12.399338119811532,-3.778786179044201,93.8384002692394,78.82088849001569,212.08884900157057,90.8,3.3,1.5,101.3888,0,1,0.49999999999999994,0.8660254037844387
Germany,2018-02,178.17161312012317,279.44305166467234,-1.3979354306227765,6.355754992147184,-12.623995961409019,18.12212250392641,7.685494727395109,72.01693964550145,90.0,3.3,1.2,101.3276,0,2,0.8660254037844386,0.5000000000000001
Germany,2018-03,186.56800680203426,368.9214220997557,2.407935686524279,15.967623962306487,-11.048395781916087,58.01172313215167,44.7488669508638,175.0783037917882,91.5,3.3,1.7,101.2377,0,3,1.0,6.123233995736766e-17
Germany,2018-04,316.35112198383314,417.0944456725375,12.476011143519557,25.708088400269236,-0.7927305362351357,47.36305811083689,46.01545882880862,105.661655822302,93.4,3.2,1.3,101.1349,0,4,0.8660254037844387,-0.49999999999999983
Germany,2018-05,394.374694038404,485.332399785294,17.05632097389391,29.5515032533094,4.126879066636751,29.05989454790217,29.05989454790217,57.17590307381647,91.8,3.2,2.5,101.0348,0,5,0.49999999999999994,-0.8660254037844387
Germany,2018-06,344.3982593632363,497.65125105670234,18.607867399596138,29.742337895445367,9.230973749158627,54.25408346421359,54.25408346421359,117.56484182185326,92.5,3.2,2.1,100.9431,0,6,1.2246467991473532e-16,-1.0
Germany,2018-07,410.1096515406477,499.8817115458205,21.1486802203131,33.9520417321068,9.645927754094682,55.04155261386583,55.04155261386583,61.66704061027597,92.5,3.2,2.2,100.865,0,7,-0.4999999999999998,-0.8660254037844388
Germany,2018-08,362.3847160287812,451.6247546431332,21.296875520203812,35.44579313439534,9.628068207314337,37.24641014135069,37.24641014135069,76.53096253085035,92.2,3.2,2.1,100.783,0,8,-0.8660254037844384,-0.5000000000000004
Germany,2018-09,284.7569986550495,379.2618485254157,16.238601450901204,29.755743773838905,4.238938748036796,48.997565627103434,48.997565627103434,85.30850347767557,92.3,3.1,2.2,100.68,0,9,-1.0,-1.8369701987210297e-16
Germany,2018-10,222.39486923877544,330.2984041454765,11.640986994000015,24.981613192730535,1.9018510208660533,30.25271483060354,30.25271483060354,84.55855956921697,92.9,3.1,2.6,100.5428,0,10,-0.8660254037844386,0.5000000000000001
Germany,2018-11,134.4698868078927,265.95032753596087,5.819679904270435,16.991709670181738,-3.363013237603769,24.00099842943684,21.537805698900605,72.8170293919677,92.8,3.1,2.2,100.3809,0,11,-0.5000000000000004,0.8660254037844384
Germany,2018-12,74.89321942076134,244.63009081033584,4.266137355519046,12.604633161319272,-3.3625196320394886,82.8676688355396,78.70341036571685,215.93145613641462,93.2,3.1,1.7,100.1909,0,12,-2.4492935982947064e-16,1.0
Germany,2019-01,100.92324510476654,260.5444308325854,1.1314727829365911,7.870080771819609,-8.629358312766435,79.21981153242092,52.069037469149656,233.401727619475,94.2,3.0,1.7,99.98457,0,1,0.49999999999999994,0.8660254037844387
Germany,2019-02,181.34175594726148,279.0291837901678,4.053520144876439,15.252647520753872,-5.33773838905093,37.148575274848554,27.797868521426963,89.31119587166255,94.6,3.0,1.7,99.77586,0,2,0.8660254037844386,0.5000000000000001
Germany,2019-03,183.17358069484956,368.4228408776457,6.882998110981639,17.425947947049583,-1.5061700695535114,71.00194076733229,67.501929549024,187.05126766883555,94.9,3.0,1.4,99.56461,0,3,1.0,6.123233995736766e-17
Germany,2019-04,304.176736379104,416.650583961247,10.317886096776606,24.711061251963205,-0.8826228404756562,28.738826564954,28.352827013686337,82.60769575947947,95.2,2.9,2.1,99.35329,0,4,0.8660254037844387,-0.49999999999999983
Germany,2019-05,293.25060652562763,484.9744537163763,11.921757004205055,23.237614987659864,0.325050482387256,78.0245905317478,77.78424949517611,156.87155037020418,93.2,2.9,1.3,99.1422,0,5,0.49999999999999994,-0.8660254037844387
Germany,2019-06,407.456494860145,497.6038510426794,21.281708922294516,35.85057213372223,10.327451200358984,51.91603096253085,51.91603096253085,76.09053174781243,96.0,2.9,1.5,98.94073,0,6,1.2246467991473532e-16,-1.0
Germany,2019-07,358.4479075209409,500.14401874766287,19.96603096253085,35.00951312542068,10.18586493156832,71.30614763293696,71.30614763293696,113.29874354947275,95.7,2.9,1.1,98.78599,0,7,-0.4999999999999998,-0.8660254037844388
Germany,2019-08,352.15325055437137,452.08505491922824,20.249206757040394,31.898754767781018,10.516019744222573,56.320708997083244,56.320708997083244,103.47588063719991,95.4,2.9,1.0,98.71825,0,8,-0.8660254037844384,-0.5000000000000004
Germany,2019-09,254.29030858979633,379.7267960000499,15.092806072844214,26.97051828584249,5.6109715054969715,71.69430109939421,71.69430109939421,139.78954453668388,96.2,2.9,0.9,98.73393,0,9,-1.0,-1.8369701987210297e-16
Germany,2019-10,198.48306793402386,330.801469807793,11.458211077898486,22.736840924388602,-1.2179492932465783,86.90817814673547,86.90817814673547,155.05900830154812,95.2,2.9,0.9,98.81117,0,10,-0.8660254037844386,0.5000000000000001
Germany,2019-11,113.50980595661008,266.29990024088204,5.8392162141949,15.238916311420235,-1.966782589185551,66.45108817590307,65.62527484855285,167.4506394435719,95.7,3.0,1.2,98.91128,0,11,-0.5000000000000004,0.8660254037844384
Germany,2019-12,122.08036462493456,244.6968336440182,4.192758401065377,13.79582678932017,-3.782735023558448,48.38107471393314,46.73059232667714,138.71696208211802,96.3,3.1,1.5,98.98896,0,12,-2.4492935982947064e-16,1.0
Germany,2020-01,129.30090730249546,260.2592071145888,4.048980943351162,12.806989006057886,-3.975544087951537,46.86719766659188,43.716042180839125,129.40442001346196,96.5,3.2,1.6,99.01745,0,1,0.49999999999999994,0.8660254037844387
Germany,2020-02,141.08007176912722,289.45176694618954,5.794778070915182,16.10608032308728,-1.925959165357864,118.79739735247925,110.00836885797622,230.62407448956696,97.0,3.3,1.7,98.97303,0,2,0.8660254037844386,0.5000000000000001
Germany,2020-03,251.94671577325306,370.00544572675943,5.478406565967271,15.649214718420463,-4.379896791563833,48.467040610275966,46.29111509984294,130.73906214942787,95.7,3.4,1.3,96.18382,1,3,1.0,6.123233995736766e-17
Germany,2020-04,352.0231945167402,418.0762815895097,10.600282701368634,22.373894996634508,-2.686369755440879,15.976250841373119,15.976250841373119,36.35203051379852,90.5,3.5,0.8,91.30285,1,4,0.8660254037844387,-0.49999999999999983
Germany,2020-05,333.8501440013213,486.12606116377486,12.572837942489885,24.306113978012117,1.1818375588961185,47.6727731658066,47.65608032308728,102.33172537581332,100.7,3.7,0.5,93.42013,1,5,0.49999999999999994,-0.8660254037844387
Germany,2020-06,337.31815888334205,497.7979268460349,18.18546069852666,29.73018846757909,8.021079201256452,85.15464437962756,85.15464437962756,142.99921471842046,100.2,3.8,0.8,97.28812,1,6,1.2246467991473532e-16,-1.0
Germany,2020-07,359.84709096832705,499.2748315692544,18.406509513849183,29.75851469598385,9.511150998429436,63.31359658963429,63.31359658963429,144.22077630693292,100.5,3.8,0.0,98.72684,1,7,-0.4999999999999998,-0.8660254037844388
Germany,2020-08,337.18474110450484,450.70004452546556,21.44967466905991,34.638826564954,10.789623064841821,60.94285393762622,60.94285393762622,108.3623513574153,102.2,3.9,-0.1,99.15738,1,8,-0.8660254037844384,-0.5000000000000004
Germany,2020-09,272.59813865081145,378.2289432322439,15.684476105003364,29.673423827686786,5.562227956024231,56.782140453219654,56.782140453219654,97.4417769800314,101.4,3.8,-0.4,99.39268,1,9,-1.0,-1.8369701987210297e-16
Germany,2020-10,172.8664662160646,329.30264571522946,10.98192839100509,20.68898362126991,2.820753870316356,74.87249270809963,74.87249270809963,187.24411038815347,103.9,3.8,-0.5,99.62897,1,10,-0.8660254037844386,0.5000000000000001
Germany,2020-11,156.48683162129484,265.14365113273755,6.903068955201556,19.704139555754992,-2.4445591204846306,23.151155485752746,23.031747812429884,74.11577294144043,104.7,3.8,-0.7,99.86319,1,11,-0.5000000000000004,0.8660254037844384
Germany,2020-12,98.66423964394336,244.49652934522473,3.3064183198593007,12.678472066412384,-3.786627776531299,58.047789993269014,52.71444918106349,147.45905317478125,99.9,3.8,-0.7,100.1317,1,12,-2.4492935982947064e-16,1.0
Germany,2021-01,81.45360920462194,261.17491425441875,1.0361681877727678,11.77323311644604,-9.835864931568318,79.51715279335876,44.956192506170076,225.3207314336998,90.6,3.9,1.6,100.4623,1,1,0.49999999999999994,0.8660254037844387
Germany,2021-02,156.57090899645996,279.89685957015183,1.7000596974261997,17.92414179941665,-13.467837110163787,48.48504599506394,32.819216962082116,132.63159075611398,93.6,3.9,1.6,100.8777,1,2,0.8660254037844386,0.5000000000000001
Germany,2021-03,243.79950159673922,369.50129388726845,4.9449257058487195,21.97664348216289,-4.687973973524793,48.85637199910253,42.07952658739062,145.46309176576173,103.0,3.9,2.0,101.3473,1,3,1.0,6.123233995736766e-17
Germany,2021-04,289.24472288503733,417.6147981461746,6.499638022586194,19.200841373120934,-2.567399596140902,42.76785954678034,35.187940318599956,126.6729863136639,97.0,3.8,2.1,101.7924,1,4,0.8660254037844387,-0.49999999999999983
Germany,2021-05,322.1414878979383,485.7676956055394,11.447656459212403,27.338052501682746,2.2603208436167828,103.12161768005386,103.10030289432355,235.21494278662777,100.3,3.7,2.4,102.1611,1,5,0.49999999999999994,-0.8660254037844387
Germany,2021-06,374.96091083314633,497.7353872335653,20.065237828135515,33.483116446039936,8.449338119811532,78.67956024231547,78.67956024231547,95.25431904868746,105.3,3.6,2.1,102.4391,1,6,1.2246467991473532e-16,-1.0
Germany,2021-07,346.08288060229853,499.5761115573505,19.484768794285177,27.985304016154366,12.139735247924614,110.16010769575948,110.16010769575948,165.59703836661433,100.4,3.5,3.1,102.6015,1,7,-0.4999999999999998,-0.8660254037844388
Germany,2021-08,302.6307067110413,451.132868727096,17.208287796651877,28.139443571909357,9.37779896791564,107.61084810410591,107.61084810410591,218.54734126093786,102.1,3.4,3.4,102.6366,1,8,-0.8660254037844384,-0.5000000000000004
Germany,2021-09,265.75255335926005,378.7201410496598,15.909104778999328,26.17767556652457,7.3375476778101865,37.32915638321741,37.32915638321741,76.63562934709446,100.0,3.4,4.1,102.5817,1,9,-1.0,-1.8369701987210297e-16
Germany,2021-10,198.01502620783788,329.7563950172014,10.469094284452872,22.003264527709227,1.4521426968813103,48.67975095355621,48.67975095355621,105.1919452546556,101.9,3.4,4.6,102.4551,1,10,-0.8660254037844386,0.5000000000000001
Germany,2021-11,94.01534757030142,265.52519921409515,5.5361629646249355,12.909041956472963,-2.2356069104778995,58.96323760376936,54.2106349562486,142.1236257572358,103.8,3.4,6.0,102.2826,1,11,-0.5000000000000004,0.8660254037844384
Germany,2021-12,70.13045382637799,244.55205039700346,2.588004733402332,13.348575274848553,-8.7643930895221,64.45777428763742,47.56550370204174,164.36044424500784,102.0,3.4,5.7,102.0809,1,12,-2.4492935982947064e-16,1.0
Germany,2022-01,95.15382046125944,260.8455976712662,3.192517750258745,12.981018622391742,-4.240442001346198,46.95592326677137,38.747195422930226,134.05956921696207,103.6,3.3,5.1,101.8454,1,1,0.49999999999999994,0.8660254037844387
Germany,2022-02,147.48211493593098,279.4867175289183,4.839268085515561,13.022975095355623,-3.6781916087054065,85.7155710118914,77.85435270361229,198.73670630468925,103.8,3.2,5.5,101.5554,1,2,0.8660254037844386,0.5000000000000001
Germany,2022-03,283.534616244422,368.9760831317154,4.93715539890133,17.51773614538927,-4.932768678483284,13.287166255328696,12.012418667264978,30.44491810634956,103.3,3.2,7.6,101.2228,1,3,1.0,6.123233995736766e-17
Germany,2022-04,271.33278997675313,417.17565172980085,8.18713222646025,21.064718420462196,-3.703892752972852,52.74619699349338,46.981018622391744,128.38849001570563,100.0,3.1,7.8,100.8826,1,4,0.8660254037844387,-0.49999999999999983
Germany,2022-05,368.96678633984,485.39916086960585,15.176665195017623,28.98231994615212,4.538018846757909,58.04020641687234,57.9762620596814,104.2588063719991,99.7,3.1,8.7,100.5492,1,5,0.49999999999999994,-0.8660254037844387
Germany,2022-06,389.26400671291105,497.6847225207539,19.136153242091094,34.171572806820734,7.923289207987435,67.1707875252412,67.1707875252412,94.24646623289208,97.4,3.1,8.2,100.2125,1,6,1.2246467991473532e-16,-1.0
Germany,2022-07,387.1708034031985,499.85504553199706,19.9844734994608,37.26517837110164,9.926015256899259,43.70852591429212,43.70852591429212,82.00044873233117,98.7,3.1,8.5,99.87942,0,7,-0.4999999999999998,-0.8660254037844388
Germany,2022-08,351.19789441297087,451.55937931530923,21.405683701607476,35.80818936504375,10.839466008525914,59.687020417321065,59.687020417321065,83.83497868521427,98.2,3.1,8.8,99.58981,0,8,-0.8660254037844384,-0.5000000000000004
Germany,2022-09,263.42404256381974,379.19262942312963,13.874687383142621,26.123917433251062,3.3889948395781917,92.30088624635405,92.30088624635405,155.69082342382768,99.4,3.2,10.9,99.37562,0,9,-1.0,-1.8369701987210297e-16
Germany,2022-10,236.69164335938473,330.2249155731932,12.942567689824632,23.095490240071797,3.9840587839353825,49.692079874354945,49.692079874354945,74.40374691496523,96.5,3.1,11.6,99.2616,0,10,-0.8660254037844386,0.5000000000000001
Germany,2022-11,139.73305865087377,265.8916519068008,6.470630842868895,17.25583352030514,-3.5952770922144945,49.575723580884,47.93467579089074,120.0630468925286,97.3,3.1,11.3,99.25568,0,11,-0.5000000000000004,0.8660254037844384
Germany,2022-12,82.02306159474483,244.6008907286914,1.9900880818140365,16.26564954004936,-9.943504599506394,73.2923827686785,64.01275521651334,174.10298407000224,96.2,3.1,9.6,99.3304,0,12,-2.4492935982947064e-16,1.0
Germany,2023-01,89.55785632837235,260.5576982630319,4.08820738671318,15.691990127888717,-4.506876822975095,72.29970832398476,63.61373120933362,166.46320394884452,97.0,3.0,9.2,99.42141,0,1,0.49999999999999994,0.8660254037844387
Germany,2023-02,139.13352360830652,279.0570527568993,3.3913014038911506,12.764213596589634,-6.624590531747812,43.36838680726946,37.523132151671525,122.3874803679605,96.9,3.0,9.3,99.47278,0,2,0.8660254037844386,0.5000000000000001
Germany,2023-03,193.40670254780247,368.47110314891677,5.9269007794914845,16.942293022212247,-4.664998878169172,94.75330940094234,76.75713484406552,207.13170293919677,95.2,3.0,7.8,99.44889,0,3,1.0,6.123233995736766e-17
Germany,2023-04,242.0371281598235,416.7073072937701,7.792401465858948,20.692506170069553,-3.3329257347991925,68.9727170742652,68.54216962082117,181.28573031186897,95.8,3.0,7.6,99.34345,0,4,0.8660254037844387,-0.49999999999999983
Germany,2023-05,360.936882806696,485.0393045661631,13.625883532247206,25.681377608256675,2.956405654027373,42.81393313888266,42.81393313888266,79.29436840924389,98.0,3.0,6.3,99.16528,0,5,0.49999999999999994,-0.8660254037844387
Germany,2023-06,402.3607979856904,497.630676184778,19.452864781990876,29.984384114875475,7.843571909356069,63.38886021987885,63.38886021987885,73.04778999326902,97.0,3.0,6.8,98.96844,0,6,1.2246467991473532e-16,-1.0
Germany,2023-07,366.89440186597864,500.11593096658197,19.596333784478205,33.5550482387256,11.000964774512004,112.0125196320395,112.0125196320395,155.88669508638097,97.0,3.1,6.5,98.8026,0,7,-0.4999999999999998,-0.8660254037844388
Germany,2023-08,314.82297100410096,452.0260930761224,18.985132846482877,30.548956697330038,10.473715503702042,118.60127888714382,118.60127888714382,180.10186223917432,95.9,3.1,6.4,98.69575,0,8,-0.8660254037844384,-0.5000000000000004
Germany,2023-09,316.6561524409169,379.65050241287116,18.23721412011069,29.51690599057662,8.241429212474758,32.13761498765986,32.13761498765986,49.288198339690375,95.4,3.1,4.3,98.65969,0,9,-1.0,-1.8369701987210297e-16
Germany,2023-10,172.46420653279486,330.7276464681026,12.41494966236511,24.83724478348665,0.8062598160197442,102.16280008974648,102.16280008974648,176.08862463540498,96.5,3.1,3.0,98.67935,0,10,-0.8660254037844386,0.5000000000000001
Germany,2023-11,123.49495643930895,266.22824861485054,5.937614613716251,14.570708997083242,-5.723154588288087,111.00489118240968,97.7977451200359,213.75084137312092,95.7,3.2,2.3,98.73884,0,11,-0.5000000000000004,0.8660254037844384
Germany,2023-12,78.18636731016129,244.67698441870465,4.085525125391737,11.118128786179044,-7.629683643706529,124.21349562485977,108.46544761050033,232.77967242539825,95.8,3.2,3.8,98.82401,0,12,-2.4492935982947064e-16,1.0
Germany,2024-01,117.33789365074912,260.28211118029066,1.5295435957934962,11.675588961184655,-10.421359658963429,75.30192954902401,55.8749158626879,161.41059008301548,95.5,3.2,3.1,98.92915,0,1,0.49999999999999994,0.8660254037844387
Germany,2024-02,118.15782858892378,289.4921323461222,6.788245920791007,15.77616109490689,-1.9125196320394882,91.60858200583351,89.00033654924839,204.30199685887368,94.8,3.2,2.7,99.05522,0,2,0.8660254037844386,0.5000000000000001
Germany,2024-03,227.75685917688782,370.0642920655398,7.829288107869463,20.780794256226162,-1.5622167377159524,52.33063719991026,50.530670854835094,121.7361453892753,96.3,3.3,2.3,99.19342,0,3,1.0,6.123233995736766e-17
Germany,2024-04,263.4135343956448,418.1309125077905,10.493100740408346,25.535517164011665,-1.0966232892079875,66.35772941440432,63.511868970159306,176.1110612519632,96.5,3.3,2.4,99.32146,0,4,0.8660254037844387,-0.49999999999999983
Germany,2024-05,354.1604160705382,486.18915739535817,15.945445728719596,25.18633610051604,5.694256226161094,114.12858424949518,114.12858424949518,150.23064841821852,96.6,3.4,2.8,99.41435,0,5,0.49999999999999994,-0.8660254037844387
Germany,2024-06,346.61882981639377,497.814106956286,17.334671303567422,29.504072245905316,7.759131702939196,110.36121830827912,110.36121830827912,147.86313663899483,95.2,3.4,2.5,99.4551,0,6,1.2246467991473532e-16,-1.0
Germany,2024-07,364.336065126019,499.24592502617605,19.589857201792032,31.28249943908459,10.702052950415078,72.74766659187796,72.74766659187796,132.23580884002692,97.0,3.4,2.6,99.45098,0,7,-0.4999999999999998,-0.8660254037844388
Germany,2024-08,348.50441692312967,450.63664712094584,20.64624874246383,32.523760376935165,11.314527709221448,49.96567197666592,49.96567197666592,78.4784608481041,98.2,3.4,2.0,99.41607,0,8,-0.8660254037844384,-0.5000000000000004
Germany,2024-09,273.30591323635724,378.15936871276136,16.4811977413806,31.556652456809513,5.233082791115099,91.16687233565179,91.16687233565179,122.40352254879964,99.7,3.4,1.8,99.37704,0,9,-1.0,-1.8369701987210297e-16
Germany,2024-10,190.34316244390848,329.2309392516142,11.531450708200945,20.74138433924164,3.197868521426969,67.2210006730985,67.2210006730985,118.88557325555307,99.2,3.4,2.4,99.34606,0,10,-0.8660254037844386,0.5000000000000001
Germany,2024-11,107.84156713347294,265.0851293561314,5.59827088475058,15.154520978236482,-1.728864707202154,65.90804352703613,58.76304689252861,111.89174332510657,99.1,3.4,2.4,99.33286,0,11,-0.5000000000000004,0.8660254037844384
Germany,2024-12,67.6409055910802,244.4809759276918,3.673241801587933,12.676452770922145,-3.0756113978012114,47.270282701368636,44.258862463540495,127.30738164684766,99.1,3.5,2.8,99.36073,0,12,-2.4492935982947064e-16,1.0
Spain,2015-01,255.1821176000099,299.5576081396595,6.453052815940968,15.733081145230678,-0.6701676309152943,30.664471146714135,28.647085002225186,57.95060080106809,93.6,23.4,-1.5,103.0804,0,1,0.49999999999999994,0.8660254037844387
Spain,2015-02,245.83817245998782,298.69870543770287,7.1833423400512855,16.703367452900164,-1.566444147752559,32.01636255748405,29.93121198635217,69.64782673193888,93.5,23.1,-1.2,103.2652,0,2,0.8660254037844386,0.5000000000000001
Spain,2015-03,298.58671175229523,370.3424766734246,11.24589871321858,24.77936507936508,1.2071947782228156,58.84502299362112,58.773164218958605,108.31731197151758,94.3,22.9,-0.8,103.3613,0,3,1.0,6.123233995736766e-17
Spain,2015-04,344.6887229478811,398.5647340589922,14.294079018938833,24.27076101468625,5.264767838599615,21.02950600801068,21.02950600801068,44.862928348909655,93.7,22.7,-0.7,103.3581,0,4,0.8660254037844387,-0.49999999999999983
Spain,2015-05,405.363240685111,447.0716813220097,19.77900713496131,34.18411214953271,9.93763536567275,9.22321614003857,9.22321614003857,26.145675715769173,94.6,22.5,-0.3,103.2753,0,5,0.49999999999999994,-0.8660254037844387
Spain,2015-06,412.2510566928745,450.1315146017736,23.44636502991643,36.17059783414924,13.046476783859962,23.331375166889188,23.331375166889188,38.26746773475745,93.5,22.3,0.0,103.1493,0,6,1.2246467991473532e-16,-1.0
Spain,2015-07,422.89419468138584,456.58704323418874,27.874068650674015,37.47392078326658,19.647174009790835,16.47967660584483,16.47967660584483,30.15101616970776,94.8,21.9,0.0,103.0159,0,7,-0.4999999999999998,-0.8660254037844388
Spain,2015-08,383.95566574238904,426.05955082331997,25.081653913700947,34.98590713543984,15.2083370419819,31.283162735499182,31.283162735499182,44.96602877911289,95.6,21.6,-0.5,102.8963,0,8,-0.8660254037844384,-0.5000000000000004
Spain,2015-09,318.0753256382996,374.0371321115397,20.28564110171587,29.06102952084261,11.7260347129506,59.077955792909066,59.077955792909066,77.6159323542501,96.1,21.4,-1.1,102.7903,0,9,-1.0,-1.8369701987210297e-16
Spain,2015-10,260.96826531053745,345.2495678262374,16.285341506716243,26.31835039311675,7.499688473520249,59.914552736982635,59.914552736982635,113.44592790387183,96.5,21.3,-0.9,102.6753,0,10,-0.8660254037844386,0.5000000000000001
Spain,2015-11,259.86796668891856,298.9168732519903,12.31346091084409,21.8119121792019,1.7580477673935617,44.21766800178015,44.21766800178015,44.81085892300845,96.8,20.9,-0.4,102.518,0,11,-0.5000000000000004,0.8660254037844384
Spain,2015-12,232.9734067967166,289.72453331396594,9.759698235640352,17.570894526034714,2.2833259160361967,4.75152054591307,4.75152054591307,16.36166740839638,97.2,20.8,-0.1,102.291,0,12,-2.4492935982947064e-16,1.0
Spain,2016-01,210.65780604756958,299.38761237369994,9.273336491666308,18.155941255006674,0.4549028334075063,37.90261088859219,37.90261088859219,78.21257973594422,97.7,20.5,-0.4,101.9859,0,1,0.49999999999999994,0.8660254037844387
Spain,2016-02,245.0499331050454,309.67689885073105,9.100361657177642,18.137976561341045,0.03242842308262868,37.566963358552144,37.32533748701973,83.79379913959353,97.9,20.4,-1.0,101.6325,0,2,0.8660254037844386,0.5000000000000001
Spain,2016-03,323.68168867914414,371.4065668273748,9.781286877126492,21.370004450378286,1.2450971665924937,38.3327844533452,38.3327844533452,83.48434950304109,97.7,20.3,-1.0,101.2668,0,3,1.0,6.123233995736766e-17
Spain,2016-04,322.34832367354005,399.50565222024426,12.573348662414082,22.10603767986946,3.739549028334075,77.63719032784454,77.63719032784454,128.29046135588192,98.3,20.3,-1.2,100.9247,0,4,0.8660254037844387,-0.49999999999999983
Spain,2016-05,375.48135775148756,447.79292314114286,16.123883696780894,26.661281708945257,5.909316125203976,54.279913959353216,54.279913959353216,93.736240913811,98.2,20.2,-1.1,100.627,0,5,0.49999999999999994,-0.8660254037844387
Spain,2016-06,416.6124339106463,450.24717462377816,22.635398803342728,32.549503041091825,11.141581367749591,10.933926717104287,10.933926717104287,20.60539979231568,98.7,19.9,-0.9,100.395,0,6,1.2246467991473532e-16,-1.0
Spain,2016-07,427.53636378628306,456.0469199834348,26.5571758760785,36.02112446224596,16.376190476190477,5.959679572763686,5.959679572763686,16.23305147604213,99.2,19.5,-0.7,100.2431,0,7,-0.4999999999999998,-0.8660254037844388
Spain,2016-08,400.03533602292765,425.16596519886593,26.152984863928488,34.92585669781931,17.165954606141522,12.77897937991396,12.77897937991396,19.345942738466103,98.9,19.3,-0.3,100.1859,0,8,-0.8660254037844384,-0.5000000000000004
Spain,2016-09,338.9233814666469,373.03735856821436,22.77179943628542,36.566073282895715,12.641032487761459,31.000267022696928,31.000267022696928,39.27963210206201,99.3,19.1,0.0,100.2134,0,9,-1.0,-1.8369701987210297e-16
Spain,2016-10,258.59790778115683,344.268403516623,17.497167549564292,27.32809672155466,9.426969292389852,69.90553330366414,69.90553330366414,123.23171636255748,99.1,18.9,0.5,100.2957,0,10,-0.8660254037844386,0.5000000000000001
Spain,2016-11,212.84579587763105,298.1807079595839,11.101458240617118,21.26374425159472,3.362082777036048,96.64490431686694,96.64490431686694,147.97923156801662,98.5,18.8,0.5,100.3998,0,11,-0.5000000000000004,0.8660254037844384
Spain,2016-12,216.36802875644895,289.60507400649425,8.871433356781564,15.915175789942147,1.0002521881026551,52.350585966473815,52.350585966473815,83.32220738762796,98.0,18.5,1.4,100.5042,0,12,-2.4492935982947064e-16,1.0
Spain,2017-01,232.42490154362196,299.96927114712616,6.365653128903055,16.423750185432425,-2.307951342530782,44.101157098353355,43.91836522771102,70.884290164664,98.8,18.4,2.9,100.607,0,1,0.49999999999999994,0.8660254037844387
Spain,2017-02,217.43877728782408,299.26862385237933,9.74869190666921,19.58730158730159,0.9403352618305888,45.36757157691737,45.31861741581368,99.18483904465212,98.2,18.2,3.0,100.7185,0,2,0.8660254037844386,0.5000000000000001
Spain,2017-03,314.177832353838,371.07148681946296,12.064988921907826,25.033466844681797,1.8068832517430649,48.09623201305443,48.09623201305443,73.04450378282154,98.8,18.0,2.1,100.8535,0,3,1.0,6.123233995736766e-17
Spain,2017-04,347.03029848810763,399.1932364873329,15.176176630569154,26.65162438807299,4.631523512831924,34.586826880284825,34.586826880284825,59.33778371161549,100.0,17.6,2.6,101.0106,0,4,0.8660254037844387,-0.49999999999999983
Spain,2017-05,397.8234429626333,447.5692221744219,19.16399356848558,31.288725708351876,6.174336151906246,39.896958908173865,39.896958908173865,58.381397418780594,99.7,17.4,2.0,101.1836,0,5,0.49999999999999994,-0.8660254037844387
Spain,2017-06,400.39331173663646,450.2048263825018,25.19999456064877,37.57151757899422,13.415828512090194,19.208351876576177,19.208351876576177,39.18231716362558,100.3,17.1,1.6,101.3706,0,6,1.2246467991473532e-16,-1.0
Spain,2017-07,413.6478100079943,456.22623800293394,25.77112518004891,37.112876427829704,14.897834149236017,27.966651832072397,27.966651832072397,39.82866043613707,100.2,16.9,1.7,101.5759,0,7,-0.4999999999999998,-0.8660254037844388
Spain,2017-08,376.06686889927306,425.4468188708401,25.89140550602715,36.892983236908464,14.699554962171785,41.39709241952232,41.39709241952232,53.665924936952976,100.0,16.7,2.0,101.7996,0,8,-0.8660254037844384,-0.5000000000000004
Spain,2017-09,326.2130429243106,373.3610117869093,21.173446570736292,31.515042278593683,10.646654798991248,27.039860554813828,27.039860554813828,59.0925678682688,100.3,16.7,1.8,102.0298,0,9,-1.0,-1.8369701987210297e-16
Spain,2017-10,294.330501789629,344.570588123259,18.688131367510323,29.223112297878654,8.987865301883994,34.014063195371605,34.014063195371605,48.17326806111853,97.6,16.7,1.7,102.2388,0,10,-0.8660254037844386,0.5000000000000001
Spain,2017-11,257.9189720248397,298.4209658095568,10.853883202294417,21.40655689066904,1.5388072986203825,25.61449339860555,25.61449339860555,49.61593235425011,100.5,16.7,1.8,102.4005,0,11,-0.5000000000000004,0.8660254037844384
Spain,2017-12,224.428232027889,289.6438782322932,7.464319929559604,18.066399643969735,-0.7189289422934282,30.04149236018394,29.91130396083667,52.37902388369678,100.5,16.6,1.2,102.4966,0,12,-2.4492935982947064e-16,1.0
Spain,2018-01,222.44597794301868,299.7652966531507,8.282760287312593,18.594585373090045,0.10158730158730161,58.27841566533155,54.753716065865596,87.16555407209613,99.8,16.4,0.7,102.5191,0,1,0.49999999999999994,0.8660254037844387
Spain,2018-02,206.16770925555062,299.0039683977814,6.84959840634073,17.666191959649908,-2.10077139890224,74.08325174306482,70.77353508381545,120.59486723038125,100.2,16.2,1.2,102.4663,0,2,0.8660254037844386,0.5000000000000001
Spain,2018-03,258.71302828215397,370.7222346033395,9.810225342272373,21.219136626613263,0.37972110962765165,100.61728230232903,99.09534193739802,164.7825248479454,100.5,15.9,1.3,102.3664,0,3,1.0,6.123233995736766e-17
Spain,2018-04,308.01788409566666,398.90048505744284,13.546321020620086,26.153463877762942,4.839741878059635,63.82529298323691,63.531568016614756,114.63773920783267,100.7,15.7,1.1,102.2548,0,4,0.8660254037844387,-0.49999999999999983
Spain,2018-05,365.47952176770673,447.332550200267,17.013377454287912,26.00019284972556,5.924699599465955,49.74877614597241,49.74877614597241,94.67868268802849,99.8,15.5,2.1,102.1423,0,5,0.49999999999999994,-0.8660254037844387
Spain,2018-06,381.6223235437373,450.1717332060031,21.746440686347228,34.34100281857291,11.885625278148643,35.44947337190328,35.44947337190328,69.5086782376502,100.2,15.2,2.3,102.0288,0,6,1.2246467991473532e-16,-1.0
Spain,2018-07,420.7893357456032,456.4051453308115,25.302606581774505,34.22710280373831,17.15086782376502,14.30412401720813,14.30412401720813,24.543984572021955,100.0,15.0,2.3,101.9136,0,7,-0.4999999999999998,-0.8660254037844388
Spain,2018-08,383.56348370378606,425.72946752047994,26.46943930018998,38.3298323690847,17.44770805518469,27.24916184542353,27.24916184542353,41.78920041536864,99.8,14.8,2.2,101.8165,0,8,-0.8660254037844384,-0.5000000000000004
Spain,2018-09,325.52530887314776,373.6903683969572,23.28332443257677,32.59991099243436,14.199525292983237,42.424254561637746,42.424254561637746,72.14478564011274,99.6,14.7,2.3,101.7628,0,9,-1.0,-1.8369701987210297e-16
Spain,2018-10,258.9236100726895,344.8852553940233,16.13915662938877,27.68620382732532,4.654175938288088,143.923349651387,143.923349651387,161.58982346832815,100.3,14.7,2.3,101.7676,0,10,-0.8660254037844386,0.5000000000000001
Spain,2018-11,205.0983506889845,298.66605562808024,11.255890817386144,19.793072244474114,2.0218365227711024,85.1189437768877,85.1189437768877,150.112297878653,101.1,14.6,1.7,101.816,0,11,-0.5000000000000004,0.8660254037844384
Spain,2018-12,228.29814499497272,289.6731626876988,8.536830947834869,17.662839341344014,1.4249221183800622,14.027533006972261,14.027533006972261,30.87257083518766,101.0,14.4,1.2,101.8823,0,12,-2.4492935982947064e-16,1.0
Spain,2019-01,239.4056570744532,299.58169141076996,6.5929435184786405,16.43923750185433,-1.7297730307076105,26.55036344755971,26.452455125352323,53.50763981605103,102.2,14.3,1.0,101.9495,0,1,0.49999999999999994,0.8660254037844387
Spain,2019-02,274.7221799390958,298.73192632522375,9.310978659376524,21.90065272214805,-0.14373238391929988,10.106823913365968,10.070894526034714,20.665924936952976,101.9,14.2,1.1,101.9892,0,2,0.8660254037844386,0.5000000000000001
Spain,2019-03,324.3255558027988,370.38760686924127,12.354023285527658,24.986648865153533,3.4330959798249516,15.533095979824953,15.533095979824953,33.66088117489986,101.4,14.2,1.3,101.9872,0,3,1.0,6.123233995736766e-17
Spain,2019-04,294.13940055052825,398.6072471245611,12.825087771349454,25.179142560450973,2.6273698264352467,81.55132769618751,81.55132769618751,132.31033971220887,102.0,14.2,1.6,101.9306,0,4,0.8660254037844387,-0.49999999999999983
Spain,2019-05,386.813310996143,447.1071599766767,17.831040192179774,30.589600949414038,7.1888443851060675,25.61223854027592,25.61223854027592,45.59887257083519,102.2,14.3,0.9,101.8306,0,5,0.49999999999999994,-0.8660254037844387
Spain,2019-06,398.3007651452966,450.14309098221497,22.531237205162437,38.24708500222519,10.494051327696187,9.635677199228601,9.635677199228601,19.734312416555408,102.7,14.2,0.6,101.6844,0,6,1.2246467991473532e-16,-1.0
Spain,2019-07,413.86257059865835,456.56707154930854,26.59606883251743,37.45754339118825,16.97338673787272,10.231137813380805,10.231137813380805,21.81827622014538,103.0,14.2,0.6,101.4796,0,7,-0.4999999999999998,-0.8660254037844388
Spain,2019-08,380.08489611333636,426.02922083642386,25.787919854908097,35.932280077139886,16.80720961281709,17.270479157395044,17.270479157395044,36.429164812342385,102.7,14.1,0.4,101.2279,0,8,-0.8660254037844384,-0.5000000000000004
Spain,2019-09,314.1712814699435,374.00207085579126,21.33627997824259,32.169826435246996,12.955169856104437,90.76234979973297,90.76234979973297,93.07491470108293,103.4,14.0,0.2,100.9229,0,9,-1.0,-1.8369701987210297e-16
Spain,2019-10,274.4119190933591,345.2197101241985,17.424392379803898,29.192449191514612,7.5528259902091675,68.30310043020323,68.30310043020323,78.35454680314493,103.0,14.0,0.2,100.5447,0,10,-0.8660254037844386,0.5000000000000001
Spain,2019-11,211.3895970648107,298.8893467982001,11.25190723433714,22.817341640706125,1.1672600504376205,47.79973297730307,47.79973297730307,98.92731048805815,103.3,13.9,0.5,100.0727,0,11,-0.5000000000000004,0.8660254037844384
Spain,2019-12,202.7099051813941,289.71436017611967,9.811556148939328,18.590891559115857,1.4862186619195965,89.25957573060377,89.25957573060377,100.89882806705236,103.2,13.8,0.8,99.48929,0,12,-2.4492935982947064e-16,1.0
Spain,2020-01,209.62396853747384,299.4024709600455,7.556075723425739,17.212653908915588,-1.0866191959649902,80.14540869307224,79.90063788755377,92.221777184394,103.1,13.8,1.1,98.79681,0,1,0.49999999999999994,0.8660254037844387
Spain,2020-02,246.017141583016,309.7052922810661,11.183343819856873,21.978623349651386,3.0888295505117935,6.244577955792908,6.244577955792908,21.70301142263759,104.2,13.6,0.9,98.02448,0,2,0.8660254037844386,0.5000000000000001
Spain,2020-03,270.5332546728972,371.44988317550974,11.802216096970392,25.1311971517579,2.5318647085002226,70.89418483904464,65.85190624536418,145.49992582702862,88.1,14.5,0.1,92.98975,1,3,1.0,6.123233995736766e-17
Spain,2020-04,286.056936253276,399.54900761014693,13.892078326657765,22.906645898234686,4.173994956237947,112.50163180537012,112.50163180537012,183.89942145082333,72.1,15.3,-0.7,88.56622,1,4,0.8660254037844387,-0.49999999999999983
Spain,2020-05,370.901264787618,447.8317224834759,19.470246589239654,31.14423676012461,10.539267171042871,42.76361074024626,42.76361074024626,79.45497700637887,83.7,15.5,-0.9,90.07344,1,5,0.49999999999999994,-0.8660254037844387
Spain,2020-06,391.2400834668447,450.26024270673656,22.02720021757405,34.1620531078475,11.698368194629877,25.048879988132324,25.048879988132324,51.39133659694407,98.0,16.0,-0.3,92.99928,1,6,1.2246467991473532e-16,-1.0
Spain,2020-07,422.3215338430665,456.03020345604847,27.15749697326423,37.41579884290165,17.163417890520694,8.150333778371161,8.150333778371161,22.158136774959203,99.4,16.2,-0.7,94.16167,1,7,-0.4999999999999998,-0.8660254037844388
Spain,2020-08,385.00146974690534,425.12697713000045,25.795609438630244,37.01614003856995,13.471591751965581,27.19279038718291,27.19279038718291,38.85565939771547,99.8,16.5,-0.6,94.01085,1,8,-0.8660254037844384,-0.5000000000000004
Spain,2020-09,327.97709287197745,372.9978828343141,21.373907432131734,32.34125500667557,10.029179646936656,39.98007713989023,39.98007713989023,70.39697374276814,99.4,16.4,-0.6,94.35263,1,9,-1.0,-1.8369701987210297e-16
Spain,2020-10,275.8316938593021,344.22319028210455,15.181620416230006,27.452366117786678,5.487924640261089,71.0032932799288,71.0032932799288,81.25604509716659,100.1,16.3,-0.9,94.80841,1,10,-0.8660254037844386,0.5000000000000001
Spain,2020-11,212.78054113426955,298.15119142230793,12.2506987093903,21.598279187064232,2.8880729862038272,100.03612223705682,100.03612223705682,116.95772140631954,99.7,16.2,-0.8,95.41784,1,11,-0.5000000000000004,0.8660254037844384
Spain,2020-12,207.8093880713379,289.5909996505629,8.328946121710668,17.308960094941405,-0.8212431390001483,40.150571131879545,40.150571131879545,87.93724966622163,101.3,16.2,-0.6,96.39932,1,12,-2.4492935982947064e-16,1.0
Spain,2021-01,211.98482017463613,299.97834508274406,6.036010259796814,19.89399198931909,-5.759427384661029,60.459086188992735,36.84131434505266,105.76383325916036,94.6,15.9,0.4,97.36275,1,1,0.49999999999999994,0.8660254037844387
Spain,2021-02,222.69998457202192,299.30252253457286,10.605276347299045,19.725322652425454,3.4971369233051477,49.74649161845423,49.74649161845423,94.32843791722297,97.6,15.7,-0.1,98.15244,1,2,0.8660254037844386,0.5000000000000001
Spain,2021-03,318.87180036262345,371.11144927763763,11.381694110666075,23.97466251298027,1.5862928348909657,24.755689066904022,24.755689066904022,55.7697670968699,100.6,15.5,1.2,99.8903,1,3,1.0,6.123233995736766e-17
Spain,2021-04,289.4592387224118,399.2442109244424,13.23171586807101,23.640023735350837,4.118765761756416,77.18495772140632,77.18495772140632,140.91677792612373,97.8,15.7,2.0,100.6775,1,4,0.8660254037844387,-0.49999999999999983
Spain,2021-05,374.512506575846,447.60639580098564,17.937932057558225,31.382732532265244,7.231538347426198,27.00228452751817,27.00228452751817,54.42842308262869,99.1,15.7,2.4,101.3982,1,5,0.49999999999999994,-0.8660254037844387
Spain,2021-06,385.5087561526479,450.2224374581747,22.42694852395787,33.80090491025071,13.125767690253673,24.635261830588934,24.635261830588934,57.7871235721703,100.1,15.6,2.5,101.9953,1,6,1.2246467991473532e-16,-1.0
Spain,2021-07,419.08863453782004,456.21635969894015,25.614250302673575,37.774558670820355,15.019774514167036,13.404287197745143,13.404287197745143,27.738317757009344,100.3,15.2,2.9,102.4482,1,7,-0.4999999999999998,-0.8660254037844388
Spain,2021-08,383.87556258014797,425.4089933269051,25.78967464385011,38.55392375018543,15.663106364040946,19.323438658952675,19.323438658952675,33.96172674677348,100.9,14.8,3.3,102.758,1,8,-0.8660254037844384,-0.5000000000000004
Spain,2021-09,311.2614556103611,373.3272207556577,21.33805666815013,32.30685358255452,13.080047470701677,113.95871532413588,113.95871532413588,104.71873609256787,101.3,14.4,4.0,102.925,1,9,-1.0,-1.8369701987210297e-16
Spain,2021-10,282.6014364098634,344.5249048459675,17.193129190174712,26.78460169114374,7.51731197151758,58.15511051772734,58.15511051772734,77.06720071206053,101.6,13.9,5.4,102.9411,1,10,-0.8660254037844386,0.5000000000000001
Spain,2021-11,231.80365986253273,298.3946376526727,10.055891311872621,20.71581367749592,2.310651238688622,63.03351134846462,61.887360925678685,92.50645304850913,105.2,13.5,5.5,102.8029,1,11,-0.5000000000000004,0.8660254037844384
Spain,2021-12,207.92182697052857,289.62518060047137,9.397271870259509,18.27666518320724,1.2867823765020026,41.448509123275485,41.371517578994215,67.81323245809227,101.1,13.3,6.6,102.5338,1,12,-2.4492935982947064e-16,1.0
Spain,2022-01,260.10668748413525,299.7711591195668,6.8669528307755625,18.38317757009346,-1.4389408099688472,16.87285269247886,16.823898531375168,32.063640409434804,101.1,13.3,6.2,102.1432,1,1,0.49999999999999994,0.8660254037844387
Spain,2022-02,245.2860322331009,299.0327266338657,10.22719287091784,21.56703753152351,1.0837116154873163,13.1183207239282,13.1183207239282,38.564159620234385,102.9,13.2,7.6,101.656,1,2,0.8660254037844386,0.5000000000000001
Spain,2022-03,198.17479333720684,370.75893694638114,10.93038029200224,20.128393413440143,2.86251298026999,148.97961726746775,148.88170894526036,220.85877466251299,100.0,13.3,9.8,101.1387,1,3,1.0,6.123233995736766e-17
Spain,2022-04,308.8569322751323,398.9540715287049,12.884216486179103,26.106987093902983,0.8707461800919746,64.415873015873,63.58638184245661,94.03486129654354,102.2,13.2,8.3,100.6534,1,4,0.8660254037844387,-0.49999999999999983
Spain,2022-05,392.24632328165944,447.3745169439912,19.880510214335963,33.94307966177125,9.426791277258568,28.818305889333924,28.818305889333924,34.965732087227416,103.5,12.9,8.5,100.2192,1,5,0.49999999999999994,-0.8660254037844387
Spain,2022-06,398.9039578091777,450.19187409508976,24.36387825742966,38.19590565198042,14.674870197300102,11.192167334223408,11.192167334223408,23.46714137368343,102.2,12.9,10.0,99.8384,1,6,1.2246467991473532e-16,-1.0
Spain,2022-07,422.22377582332,456.3886134471477,28.232318838499122,38.93852544132918,16.555911585818126,19.831375166889185,19.831375166889185,16.10428719774514,101.7,12.7,10.7,99.55627,0,7,-0.4999999999999998,-0.8660254037844388
Spain,2022-08,383.10154181254023,425.68687893405195,27.1300620660283,38.529268654502296,16.51824655095683,22.334564604658063,22.334564604658063,25.090491025070463,102.9,12.8,10.5,99.40865,0,8,-0.8660254037844384,-0.5000000000000004
Spain,2022-09,319.65585446026796,373.64396296625955,22.022048657469213,34.429327992879394,10.33686396677051,61.86424862780002,61.86424862780002,68.90268506156356,102.8,13.0,9.0,99.37401,0,9,-1.0,-1.8369701987210297e-16
Spain,2022-10,272.05328797326473,344.8363841059685,19.044350651525807,29.373549918409733,10.524150719477822,39.183207239282005,39.183207239282005,64.4739652870494,102.4,13.1,7.3,99.41845,0,10,-0.8660254037844386,0.5000000000000001
Spain,2022-11,212.37303409072175,298.62856675237765,13.093886663699747,22.617178460169114,3.79066904020175,49.89434801958166,49.89434801958166,89.05815160955348,102.6,13.2,6.7,99.4993,0,11,-0.5000000000000004,0.8660254037844384
Spain,2022-12,170.34366345291664,289.6552572409303,10.541817764187376,18.04839044652129,2.499703308114523,99.23773920783266,99.23773920783266,132.58388963061861,102.3,13.2,5.5,99.56902,0,12,-2.4492935982947064e-16,1.0
Spain,2023-01,231.8374841937398,299.59009122904615,7.21507051217633,16.703174603174602,-1.8349799732977303,26.097374276813525,24.873015873015873,55.13870345646047,104.5,13.1,5.9,99.59702,0,1,0.49999999999999994,0.8660254037844387
Spain,2023-02,252.9863674137533,298.75029680973813,7.856818085489647,21.177570093457945,-1.3232754784156655,23.94638777629432,23.232754784156654,40.09197448449785,103.5,12.9,6.0,99.56802,0,2,0.8660254037844386,0.5000000000000001
Spain,2023-03,313.846476441428,370.41999741919267,13.219254824832154,27.140824803441625,-1.0088562527814866,11.888844385106067,11.888844385106067,32.950897492953565,104.2,12.5,3.1,99.49368,0,3,1.0,6.123233995736766e-17
Spain,2023-04,356.25082715266444,398.6446804846791,16.960118676754192,31.31805370123127,5.1196261682243,15.869247886070317,15.869247886070317,23.725114968105622,105.4,12.1,3.8,99.41081,0,4,0.8660254037844387,-0.49999999999999983
Spain,2023-05,371.84012688275726,447.1479769717648,18.049180508300193,29.309835336003555,9.38001780151313,62.43515798842901,62.43515798842901,96.3813974187806,105.0,12.0,2.9,99.33612,0,5,0.49999999999999994,-0.8660254037844387
Spain,2023-06,370.0765029302444,450.159219853632,23.186383820402515,35.72812639074321,13.898857736240915,49.66512386886218,49.66512386886218,79.57291203085596,105.1,11.9,1.6,99.2802,0,6,1.2246467991473532e-16,-1.0
Spain,2023-07,417.30153956386295,456.54966411923715,27.1726617568945,37.48629283489096,18.164901349948078,9.145304850912327,9.145304850912327,21.642782969885772,105.2,12.0,2.1,99.23506,0,7,-0.4999999999999998,-0.8660254037844388
Spain,2023-08,387.8815255476438,425.9907640075657,27.318212574950593,39.524699599465954,15.093739801216437,22.922474410324877,22.922474410324877,30.527963210206202,104.4,12.0,2.4,99.19492,0,8,-0.8660254037844384,-0.5000000000000004
Spain,2023-09,312.59598277538777,373.95094720656346,21.2202022449686,31.969589081738615,11.653864411808337,120.0907580477674,120.0907580477674,86.688028482421,103.8,12.0,3.3,99.1773,0,9,-1.0,-1.8369701987210297e-16
Spain,2023-10,264.03036073282897,345.17064175608635,18.769401495901345,31.47576027295653,8.225129802699897,91.53862928348909,91.53862928348909,102.89838302922415,104.4,12.0,3.5,99.19537,0,10,-0.8660254037844386,0.5000000000000001
Spain,2023-11,222.5901715130462,298.8435920053899,12.897500865351333,22.86524254561638,2.8027740691292093,31.835410176531667,31.835410176531667,61.54902833407506,106.2,12.0,3.3,99.23292,0,11,-0.5000000000000004,0.8660254037844384
Spain,2023-12,212.2083975864939,289.7022042459905,8.363225519330433,17.95646046580626,-0.3917371309894674,31.42355733570687,31.42355733570687,39.66859516392227,104.9,11.9,3.3,99.26673,0,12,-2.4492935982947064e-16,1.0
Spain,2024-01,205.99100087194446,299.41689973503765,9.09677180087189,19.733348167927605,-0.8966918854769322,63.039994066162286,62.732027889037234,81.06349206349206,105.5,11.9,3.5,99.28129,0,1,0.49999999999999994,0.8660254037844387
Spain,2024-02,228.63063826542384,309.73188434538235,10.611499879788633,20.839326509419966,2.662097611630322,38.281115561489386,37.87800029669189,70.85536270582999,105.5,11.8,2.9,99.27103,0,2,0.8660254037844386,0.5000000000000001
Spain,2024-03,266.40263000131864,371.48937228568127,11.934647391264818,25.26282450674974,2.3968253968253967,96.733748701973,95.71105177273401,143.61652573802107,105.2,11.6,3.3,99.23687,0,3,1.0,6.123233995736766e-17
Spain,2024-04,334.7823236413984,399.58501760083414,14.657360925678681,28.612283044058746,4.211378133808041,50.219195964990355,50.219195964990355,66.59768580329327,105.9,11.6,3.4,99.18499,0,4,0.8660254037844387,-0.49999999999999983
Spain,2024-05,397.77704960976774,447.87136765646375,18.02948925927521,31.528734609108444,6.843406022845276,25.73902981753449,25.73902981753449,54.32680611185284,105.4,11.6,3.8,99.12695,0,5,0.49999999999999994,-0.8660254037844387
Spain,2024-06,367.8020495817468,450.2699536315911,21.933701725757803,33.70160213618158,12.156252781486426,52.93107847500371,52.93107847500371,79.17311971517579,105.4,11.5,3.6,99.0881,0,6,1.2246467991473532e-16,-1.0
Spain,2024-07,418.0080154543507,456.0123192693138,26.780299180269036,38.926212728081886,15.900326361074026,11.417668001780154,11.417668001780154,17.646491618454235,106.4,11.4,2.9,99.09697,0,7,-0.4999999999999998,-0.8660254037844388
Spain,2024-08,381.41557297054504,425.0856086090095,27.40160596446397,37.60256638480938,17.49089155911586,19.035232161400387,19.035232161400387,30.808930425752855,106.9,11.3,2.4,99.17031,0,8,-0.8660254037844384,-0.5000000000000004
Spain,2024-09,316.0382563347839,372.95123905742633,20.642838352371065,31.114448894822726,10.23859961430055,50.97297136923306,50.97297136923306,73.87301587301587,107.9,11.1,1.7,99.30791,0,9,-1.0,-1.8369701987210297e-16
Spain,2024-10,243.67784415475776,344.17556081153475,17.22449909317561,28.427829698857735,6.873994956237946,150.33527666518322,150.33527666518322,144.48879988132325,108.1,10.9,1.8,99.46703,0,10,-0.8660254037844386,0.5000000000000001
Spain,2024-11,227.4760458553792,298.1138368969325,13.077259555951143,20.924966622162884,4.397863818424566,57.82220738762795,57.82220738762795,62.28971962616822,107.0,10.8,2.4,99.60813,0,11,-0.5000000000000004,0.8660254037844384
Spain,2024-12,246.1362013178065,289.58144929865335,8.304760469156006,17.901260940513275,0.36166740839638034,22.688785046728974,22.688785046728974,47.672452158433465,109.4,10.8,2.8,99.69707,0,12,-2.4492935982947064e-16,1.0
Turkey,2015-01,207.4750219229748,300.4027505434741,5.695816326302643,15.112002216219958,-7.218114135327932,109.11900062331185,88.8288108594778,160.43219752060392,76.1,10.5,7.2,100.5151,0,1,0.49999999999999994,0.8660254037844387
Turkey,2015-02,209.8627933592277,299.1357373288778,6.403475334659108,17.709290809612853,-2.0423055613269616,120.00489992381746,90.29908580926659,229.6183946256666,76.2,10.7,7.6,100.3703,0,2,0.8660254037844386,0.5000000000000001
Turkey,2015-03,259.738261047818,370.3892063648029,8.634085217232004,19.27178821248009,0.30108387007410486,88.2036152088095,86.76287831567285,158.6908026871667,77.3,10.5,7.6,100.1507,0,3,1.0,6.123233995736766e-17
Turkey,2015-04,332.56639597867655,398.1693899971913,11.170072835145554,24.311043008518592,2.3087540688413326,65.49016206108456,62.492142807673666,113.2207562850613,77.4,10.5,7.9,99.8779,0,4,0.8660254037844387,-0.49999999999999983
Turkey,2015-05,386.3042401613878,446.2584856683481,18.24851030698668,28.048843410208463,9.54659256181176,38.24312971812452,38.24312971812452,62.73768959069188,77.6,10.2,8.3,99.55821,0,5,0.49999999999999994,-0.8660254037844387
Turkey,2015-06,387.49120700918036,449.13127916714757,20.889820509268876,28.55879562296558,13.993448299743749,62.23632523027911,62.23632523027911,101.50249324745481,77.1,10.2,7.6,99.2291,0,6,1.2246467991473532e-16,-1.0
Turkey,2015-07,431.9699654705428,455.6591242203792,25.321626240759233,35.74629475725466,17.076816261513954,2.4280005540549903,2.4280005540549903,11.330424544636054,78.9,10.1,7.1,99.01099,0,7,-0.4999999999999998,-0.8660254037844388
Turkey,2015-08,402.5183337764811,425.49091136303304,26.29153468764033,33.55175912459311,19.4171999445945,12.85412078398781,12.85412078398781,30.438015097998477,78.3,10.1,7.1,98.88552,0,8,-0.8660254037844384,-0.5000000000000004
Turkey,2015-09,320.61220290503724,373.91190194842665,23.838395664519705,34.31007341228617,16.09151949580996,59.15158251956506,59.15158251956506,74.93583350647552,78.6,10.2,7.9,98.84103,0,9,-1.0,-1.8369701987210297e-16
Turkey,2015-10,252.58345467907137,345.57129547887286,16.822347294178627,24.976497679894727,9.541464090310964,115.42680241013922,115.42680241013922,149.4754484382575,77.7,10.2,7.7,98.86182,0,10,-0.8660254037844386,0.5000000000000001
Turkey,2015-11,252.23773998930366,299.6277205043632,12.97462728259113,20.530241013920634,5.887481820070643,49.10517002562505,49.10517002562505,58.82827758154997,78.0,10.2,8.1,98.88575,0,11,-0.5000000000000004,0.8660254037844384
Turkey,2015-12,239.73779570684334,290.6889834754061,6.72899316144224,14.080815845972714,-1.7352759886418725,20.030009003393587,8.356430500727198,48.84666528152919,79.4,10.4,8.8,98.84715,0,12,-2.4492935982947064e-16,1.0
Turkey,2016-01,203.95271450979595,300.23479673280707,5.024572227099991,15.979662719024866,-7.555814114550869,157.0508657109218,121.9237066278828,202.41689175150634,76.9,10.2,9.6,98.74997,0,1,0.49999999999999994,0.8660254037844387
Turkey,2016-02,232.9234251021539,310.1261067065663,9.822695358117741,20.4658979153681,-0.3283849297042731,73.56820416926381,69.20548860724428,119.77952074243369,80.1,10.1,8.7,98.69659,0,2,0.8660254037844386,0.5000000000000001
Turkey,2016-03,284.1953019944056,371.4416975811075,10.163888237278515,20.49237481820071,0.7711233464921394,94.52758847565622,93.41712376203337,136.04854906849505,78.9,10.2,7.3,98.78798,0,3,1.0,6.123233995736766e-17
Turkey,2016-04,355.4287451372055,399.09981038939674,15.42847565620888,25.44165800955745,5.3486010111503575,22.53791813837523,22.532301405914534,48.96357088441028,79.6,10.1,6.6,98.99328,0,4,0.8660254037844387,-0.49999999999999983
Turkey,2016-05,384.79264309364686,446.9711237141307,17.434687305215043,27.04049795692222,9.312646305145785,64.62654269686266,64.62654269686266,115.90193226677748,79.6,10.3,6.6,99.24696,0,5,0.49999999999999994,-0.8660254037844387
Turkey,2016-06,406.7536658269271,449.2454780654824,23.598530715423507,34.735296765704,12.890148209709812,21.184109010319272,21.184109010319272,45.48857261583212,78.8,10.7,7.0,99.49193,0,6,1.2246467991473532e-16,-1.0
Turkey,2016-07,431.0200164250372,455.1255871848812,25.856931719424765,35.10210887180553,18.378367615485836,8.14693192049311,8.14693192049311,23.29423782810444,77.4,11.1,8.3,99.70217,0,7,-0.4999999999999998,-0.8660254037844388
Turkey,2016-08,393.9969511454317,424.60749884571885,26.09646678239267,34.75108733291779,18.821684327169475,21.396215111849852,21.396215111849852,58.406295449823396,78.4,11.1,7.9,99.88496,0,8,-0.8660254037844384,-0.5000000000000004
Turkey,2016-09,341.1030765479873,372.9230381586136,21.71186324075998,31.83965302306254,11.907770621234159,40.4282152503636,40.4282152503636,60.82782741187063,79.8,11.6,7.3,100.052,0,9,-1.0,-1.8369701987210297e-16
Turkey,2016-10,277.99266625449206,344.60098947180086,16.401343918464555,26.2952524413048,7.376272595055058,27.2308193088164,27.2308193088164,67.42703788350994,81.6,11.5,7.2,100.1671,0,10,-0.8660254037844386,0.5000000000000001
Turkey,2016-11,241.2661132350848,298.9001978577503,11.397391670706652,23.045609114204584,3.1004155412424685,104.67356811413532,103.87488053189279,106.65319620472332,82.5,11.6,7.0,100.2403,0,11,-0.5000000000000004,0.8660254037844384
Turkey,2016-12,205.24236945108154,290.57099131134044,4.333450064676983,12.992707251194682,-1.6922813214211512,102.54943209363528,82.45407576701987,203.4365953320867,80.1,12.1,8.5,100.3007,0,12,-2.4492935982947064e-16,1.0
Turkey,2017-01,182.7757491884441,300.8094868282083,2.7578585327819596,12.587391786134773,-6.1142115104924155,129.79193157420875,97.47460696724148,191.06579403005748,80.0,12.0,9.0,100.4169,0,1,0.49999999999999994,0.8660254037844387
Turkey,2017-02,230.86479817296515,299.69924579428016,6.293784937619345,17.01274326476903,-4.145494840362906,27.464640903109636,26.200308193088166,69.94757254657524,81.1,11.9,9.9,100.663,0,2,0.8660254037844386,0.5000000000000001
Turkey,2017-03,283.9722593568922,371.1102793486583,9.536364438606014,20.25055405498996,0.20149941131657312,67.96842925410347,67.3577082900478,125.16531615762864,81.6,11.9,11.1,100.9718,0,3,1.0,6.123233995736766e-17
Turkey,2017-04,322.8264086307532,398.79088573625825,12.362208947988087,26.52737031650391,3.2694715700533274,41.436726920146825,40.80920423852067,84.4466375787797,81.8,11.6,11.8,101.3081,0,4,0.8660254037844387,-0.49999999999999983
Turkey,2017-05,375.9062968898855,446.75009758197325,17.186993447406106,28.42810790220929,9.846443659533207,56.644601426691594,56.644601426691594,102.29666181868551,83.0,11.1,11.8,101.7002,0,5,0.49999999999999994,-0.8660254037844387
Turkey,2017-06,377.7762057721757,449.2036602402059,22.163213865226126,36.2919419627398,14.192842302098484,52.0451970358058,52.0451970358058,82.23762033381813,82.5,11.0,11.2,102.1621,0,6,1.2246467991473532e-16,-1.0
Turkey,2017-07,413.09278310757514,455.30271967385784,25.503596219021514,37.65116351547891,16.95378488815015,30.231771590830395,30.231771590830395,42.729690421774364,84.4,10.6,10.0,102.6452,0,7,-0.4999999999999998,-0.8660254037844388
Turkey,2017-08,384.9339352325107,424.88515008907194,25.1338042800748,34.30970981369901,16.53961493178198,23.16450931504952,23.16450931504952,44.25226816261514,85.4,10.5,10.7,103.0486,0,8,-0.8660254037844384,-0.5000000000000004
Turkey,2017-09,335.66087212276165,373.2431597751268,22.739605004963405,36.10345245515617,13.657860655170028,24.595287069741673,24.595287069741673,44.005471293025835,85.4,10.3,11.1,103.2943,0,9,-1.0,-1.8369701987210297e-16
Turkey,2017-10,273.9391530391263,344.89982739022787,15.451286725691396,25.03791121268786,6.322827065586261,86.08926864741325,86.08926864741325,81.43136643811899,85.1,10.3,11.7,103.3509,0,10,-0.8660254037844386,0.5000000000000001
Turkey,2017-11,231.72665545638355,299.13763537823877,11.088797354387422,19.55543320174527,2.4653923401897635,70.64452870697417,69.8540723041762,102.40622619294965,84.8,10.1,13.0,103.2564,0,11,-0.5000000000000004,0.8660254037844384
Turkey,2017-12,195.602751380328,290.6093187568776,9.164582816699394,18.61483135951243,0.9866680518041416,90.96826996329386,89.93471847080822,129.749047717986,86.7,9.9,11.9,103.0544,0,12,-2.4492935982947064e-16,1.0
Turkey,2018-01,189.6891496667975,300.60795566271133,6.486279207969456,14.06380635778101,-1.0448715284992036,95.68994736477595,91.8748528291433,165.650564443521,87.2,9.8,10.4,102.7838,0,1,0.49999999999999994,0.8660254037844387
Turkey,2018-02,166.7002470845742,299.43756970656244,8.37872886428621,16.508518595470605,0.005381259089964745,86.34577533070157,86.14967449269339,128.98455571715493,86.4,10.0,10.3,102.3779,0,2,0.8660254037844386,0.5000000000000001
Turkey,2018-03,260.10846194911926,370.7648369404621,11.19869182701867,21.79521781286793,-0.7218055266985249,96.22501904564027,95.63171964817508,138.82720410000692,86.0,10.0,10.2,101.7787,0,3,1.0,6.123233995736766e-17
Turkey,2018-04,354.3540839937746,398.5013993309017,15.292036613800587,28.361912182284094,5.398150841471017,15.452836068979842,15.452836068979842,27.317196481750813,87.0,10.2,10.9,100.9641,0,4,0.8660254037844387,-0.49999999999999983
Turkey,2018-05,352.12004833062076,446.51623412680544,19.258133884707416,29.202340882332575,10.063470461943348,69.52936145162408,69.52936145162408,115.34618048341298,85.8,10.6,12.1,99.95421,0,5,0.49999999999999994,-0.8660254037844387
Turkey,2018-06,391.74967138488745,449.1709942326338,22.809084654985345,32.492811136505296,14.158373156035735,50.56035736546852,50.56035736546852,75.64911004917238,85.0,10.7,15.4,98.79568,0,6,1.2246467991473532e-16,-1.0
Turkey,2018-07,420.9748693275735,455.4794495644512,25.695407934156822,34.660793683773115,18.41281598448646,31.337893898469417,31.337893898469417,81.68889812313873,85.1,10.8,15.9,97.55377,0,7,-0.4999999999999998,-0.8660254037844388
Turkey,2018-08,398.58269770134507,425.16458987214406,26.23857194560431,33.66617148001939,18.346689521435,5.068051804141562,5.068051804141562,13.159290809612854,86.1,11.2,17.9,96.35233,0,8,-0.8660254037844384,-0.5000000000000004
Turkey,2018-09,318.8350943199745,373.5689249340135,21.93053004594039,33.08946602950343,13.310752129648867,46.631504951866475,46.631504951866475,90.54664450446707,81.1,11.5,24.5,95.42529,0,9,-1.0,-1.8369701987210297e-16
Turkey,2018-10,277.32523672393825,345.21101490927356,17.042183133046922,25.720302652538265,6.84708082277166,38.08829558833715,38.08829558833715,75.19232633838908,78.3,11.6,25.2,94.9411,0,10,-0.8660254037844386,0.5000000000000001
Turkey,2018-11,184.55062720390762,299.3798631798716,12.261474940554518,23.768207632107483,3.945761479326823,88.53578156382021,88.39851097721449,154.43666458896047,78.7,12.2,21.6,94.9086,0,11,-0.5000000000000004,0.8660254037844384
Turkey,2018-12,162.7891766937153,290.63823927845874,6.6563043861942015,14.993167809405083,-2.6259089964679,140.43091626843966,133.69057413948335,191.2510561673246,79.2,12.7,20.3,95.12888,0,12,-2.4492935982947064e-16,1.0
Turkey,2019-01,151.2354644633362,300.42655196198945,5.9253771707003215,14.395948472885934,-4.4203095782256385,167.09994113165735,153.86084216358475,231.1374402659464,80.0,13.6,20.4,95.47259,0,1,0.49999999999999994,0.8660254037844387
Turkey,2019-02,190.5121234434518,299.16857912097646,6.80752834584904,17.455841817300367,0.08958722903248144,71.55058175773947,67.02597132765428,152.22158736754622,80.5,13.8,19.7,95.86801,0,2,0.8660254037844386,0.5000000000000001
Turkey,2019-03,291.86605839047024,370.4338474252795,9.09139818457627,20.20392340189764,-0.43539026248355156,44.00991758432024,43.169346907680584,61.943243991966206,81.9,13.9,19.7,96.25132,0,3,1.0,6.123233995736766e-17
Turkey,2019-04,298.1682466196874,398.21142755365486,12.160087263660918,24.79069880185608,2.8060426622342267,56.001696793406744,55.82520603919939,109.70939815776715,81.5,13.8,19.5,96.5762,0,4,0.8660254037844387,-0.49999999999999983
Turkey,2019-05,374.6915928171003,446.29354382623063,18.754786990431384,32.4552912251541,9.348465960246557,44.8183115174181,44.8183115174181,89.21531962047233,82.9,13.7,18.7,96.84836,0,5,0.49999999999999994,-0.8660254037844387
Turkey,2019-06,400.58183643642604,449.14270463847913,24.024384537248654,33.62557310063024,15.727983239836554,33.01576979015167,33.01576979015167,69.3321213380428,83.4,13.7,15.7,97.14368,0,6,1.2246467991473532e-16,-1.0
Turkey,2019-07,410.93860907842196,455.63939370887874,24.457660033645436,33.946924994805734,15.431065170718194,27.321857469353834,27.321857469353834,44.68037952766812,81.0,13.9,16.7,97.50334,0,7,-0.4999999999999998,-0.8660254037844388
Turkey,2019-08,388.57362027870124,425.4609312403329,25.440217131469648,34.65093843063924,16.588503358958377,33.81444005817578,33.81444005817578,42.79074035598033,83.1,14.1,15.0,97.97077,0,8,-0.8660254037844384,-0.5000000000000004
Turkey,2019-09,340.90927334735784,373.8772351897061,21.819677840108962,30.844417895976175,10.401949580995915,19.304944940785372,19.304944940785372,38.128610014543945,84.0,14.1,9.3,98.49689,0,9,-1.0,-1.8369701987210297e-16
Turkey,2019-10,292.13616003580194,345.5417719003702,18.160009852348814,30.573768959069188,10.197281667705521,39.97129648867651,39.97129648867651,56.16905602881086,84.7,13.5,8.6,99.06311,0,10,-0.8660254037844386,0.5000000000000001
Turkey,2019-11,235.99689922826678,299.60051525161407,14.483051227000946,24.125122930950898,6.040709190387146,55.69642288247109,55.69642288247109,78.97666043354803,85.8,13.3,10.6,99.57475,0,11,-0.5000000000000004,0.8660254037844384
Turkey,2019-12,186.35725572100253,290.67894135895455,8.4683306189107,17.033032065932545,1.0209467414640903,102.56409031096338,99.91672899785304,162.16808643257843,88.3,13.4,11.8,99.98472,0,12,-2.4492935982947064e-16,1.0
Turkey,2020-01,194.2256813919285,300.2494675405538,5.587472213472026,13.696949234711544,-1.1723734330632314,90.15028741602605,85.80130895491378,152.78267193018908,88.3,13.0,12.2,100.2374,0,1,0.49999999999999994,0.8660254037844387
Turkey,2020-02,207.50510346226653,310.1541869963487,7.4111821193081,17.342949650252788,-2.5488711129579613,82.87024032135189,77.32615832121337,147.2673661610915,90.1,12.6,12.4,100.3405,0,2,0.8660254037844386,0.5000000000000001
Turkey,2020-03,252.9842709929127,371.4845465811152,10.026152289163088,21.00367061430847,0.26858508206939524,68.83347184708083,66.8769651637925,112.01859547060046,84.8,13.0,11.9,97.77553,1,3,1.0,6.123233995736766e-17
Turkey,2020-04,299.9916765873291,399.1426873155074,11.952145808804858,23.18441720340744,4.024035598033105,50.528866264976784,50.528866264976784,89.03642911558973,67.8,13.5,10.9,75.68244,1,4,0.8660254037844387,-0.49999999999999983
Turkey,2020-05,373.2251365536818,447.00945792019684,17.592499927391987,32.89243714938708,8.201925341090103,66.85626082138651,66.85626082138651,117.13009903732946,73.1,13.6,11.4,88.67134,1,5,0.49999999999999994,-0.8660254037844387
Turkey,2020-06,396.78562017895206,449.2583835694801,21.836960084955102,32.32213449684881,12.262736339081654,65.72890089341367,65.72890089341367,95.73595816884826,84.7,13.7,12.6,98.12077,1,6,1.2246467991473532e-16,-1.0
Turkey,2020-07,419.0498601044817,455.10906956997246,25.68263160481581,35.59914467760925,17.669935591107418,4.665631276404183,4.665631276404183,14.41547198559457,91.0,14.1,11.8,100.5542,1,7,-0.4999999999999998,-0.8660254037844388
Turkey,2020-08,400.7334633148264,424.5689520906919,25.602223033942565,34.458702126186026,17.439479880878178,4.5022439227093285,4.5022439227093285,15.83606897984625,89.6,12.9,11.8,100.6118,1,8,-0.8660254037844384,-0.5000000000000004
Turkey,2020-09,344.082567340863,372.8839986869089,23.987357273126023,34.04731629614239,16.044674146409033,15.466296142392133,15.466296142392133,29.726366091834613,91.8,12.6,11.7,100.4748,1,9,-1.0,-1.8369701987210297e-16
Turkey,2020-10,292.5488569608929,344.5562768142415,19.15848474896617,32.29404044601427,9.886505298150842,71.82920908650183,71.82920908650183,71.40899646789944,94.8,13.1,11.9,100.2665,1,10,-0.8660254037844386,0.5000000000000001
Turkey,2020-11,247.96520595974636,298.8710268011596,11.224881686174019,19.427010180760444,2.7111295796107764,22.187118221483484,22.06945771867858,72.41758432024379,95.3,13.0,14.0,100.0149,1,11,-0.5000000000000004,0.8660254037844384
Turkey,2020-12,196.23299401206995,290.5570959949327,9.878213463089438,16.900256250432857,1.967480434933167,71.29038022023686,71.24273495394418,106.45685296765704,91.0,12.6,14.6,99.83437,1,12,-2.4492935982947064e-16,1.0
Turkey,2021-01,192.07796225971708,300.8184569365568,7.6959005515974885,18.85006233118637,-4.858670960592839,138.52503982270238,125.83362767504674,177.57452039614932,94.1,12.3,15.0,99.79764,1,1,0.49999999999999994,0.8660254037844387
Turkey,2021-02,229.7780110697494,299.7327559160761,7.354075643346887,20.10761479326823,-4.633267539303276,60.51374748943833,42.1768578156382,105.41976591176675,97.0,13.2,15.6,99.97672,1,2,0.8660254037844386,0.5000000000000001
Turkey,2021-03,253.8129159064763,371.1498100082916,7.359386763894382,18.009412009141908,-0.6626186023962878,97.26021885172104,92.11935037052426,193.7957614793268,101.0,12.9,16.2,100.3776,1,3,1.0,6.123233995736766e-17
Turkey,2021-04,283.39142425048675,398.841292929258,12.197105755246207,24.009138444490617,1.6499688344068146,53.221573516171475,52.53522058314287,123.05585566867512,93.4,13.3,17.1,100.8952,1,4,0.8660254037844387,-0.49999999999999983
Turkey,2021-05,387.0257964564529,446.78682225694683,18.814188834451496,29.898510977214492,8.74265877138306,39.86233464921393,39.86233464921393,62.942689936976244,92.0,13.4,16.6,101.5449,1,5,0.49999999999999994,-0.8660254037844387
Turkey,2021-06,381.70935212589745,449.2210544366723,21.037095482143272,32.84451831844311,11.532574970565829,69.82937530299883,69.82937530299883,112.82117875199114,98.3,11.0,17.5,102.2326,1,6,1.2246467991473532e-16,-1.0
Turkey,2021-07,421.9643780930889,455.2929600396496,26.00308394156507,36.93312209986841,17.817165316157627,45.65013158806011,45.65013158806011,64.91270171064478,102.5,11.6,18.9,102.7878,1,7,-0.4999999999999998,-0.8660254037844388
Turkey,2021-08,398.2526145935776,424.8477690209194,26.282040017068468,37.86065170718194,17.852469007549,10.86433271002147,10.86433271002147,27.04550176605028,102.0,12.0,19.2,103.0887,1,8,-0.8660254037844384,-0.5000000000000004
Turkey,2021-09,335.1972596034274,373.20974112569354,20.73326915529699,31.391138583004366,11.031241775746244,27.582266777477663,27.582266777477663,54.56949927280282,103.5,11.3,19.6,103.1345,1,9,-1.0,-1.8369701987210297e-16
Turkey,2021-10,275.65299308460493,344.8546549078114,15.598098116883262,26.092322875545403,7.751166978322598,40.32256388946603,40.32256388946603,72.91045086224808,105.1,11.0,19.9,102.9996,1,10,-0.8660254037844386,0.5000000000000001
Turkey,2021-11,215.23079842902322,299.1116136538003,12.549405660595147,23.019939053951102,3.8512258466652813,80.67163931020154,80.67163931020154,86.3823671999446,107.0,11.2,21.3,102.7458,1,11,-0.5000000000000004,0.8660254037844384
Turkey,2021-12,179.66271481192908,290.5908473634293,8.477635168193668,17.357895283606897,-2.655041900408615,114.03525867442343,111.60990373294551,174.90106655585566,104.1,11.0,36.1,102.3844,1,12,-2.4492935982947064e-16,1.0
Turkey,2022-01,192.78808562756348,300.61374987706904,4.64457942087849,16.127453424752407,-3.8231317958307365,80.43932059006858,58.637422951727956,136.2956575940162,102.0,11.3,48.7,101.9609,1,1,0.49999999999999994,0.8660254037844387
Turkey,2022-02,182.75153566411572,299.4660013758071,6.642782073352924,16.67440612230764,-2.1243230140591454,121.53807050349748,119.06360897569081,143.43756492831915,104.7,10.6,54.4,101.5573,1,2,0.8660254037844386,0.5000000000000001
Turkey,2022-03,252.3758589801156,370.80113473780506,5.081338176846311,19.35338319828243,-5.4016933305630594,43.74353140799224,25.013750952282017,142.10277720063715,104.2,11.2,61.1,101.2135,1,3,1.0,6.123233995736766e-17
Turkey,2022-04,304.0298878377235,398.55439572511943,13.675673869381537,26.077283745411734,3.0387111295796108,53.261029157143845,53.18254034212896,83.45709536671515,107.2,10.8,70.0,100.9851,1,4,0.8660254037844387,-0.49999999999999983
Turkey,2022-05,389.4522355587875,446.5577008316596,17.974856180282345,32.702101946118155,7.5007687512985655,20.246066209571296,20.246066209571296,45.45283606897985,110.7,10.8,73.5,100.8046,1,5,0.49999999999999994,-0.8660254037844387
Turkey,2022-06,385.5306748545606,449.190880448496,22.41250548283584,31.927307985317544,15.125621580441857,51.48950065794031,51.48950065794031,85.82938569152988,107.2,10.2,78.6,100.6309,1,6,1.2246467991473532e-16,-1.0
Turkey,2022-07,421.8056968921941,455.46311294680305,25.00761155383382,34.2478564997576,16.47608560149595,18.989597617563543,18.989597617563543,32.39057413948334,109.9,10.2,79.5,100.4991,0,7,-0.4999999999999998,-0.8660254037844388
Turkey,2022-08,383.39356832267543,425.12248826827033,25.985784133026815,33.993953874922084,18.012095712999514,40.690719578918205,40.690719578918205,69.37897361313111,117.0,9.8,80.1,100.4444,0,8,-0.8660254037844384,-0.5000000000000004
Turkey,2022-09,339.4027649450562,373.5230229499004,21.487703788350995,32.487945841124734,10.30384721933652,30.5829074035598,30.5829074035598,50.08993005055752,119.2,10.1,83.4,100.4113,0,9,-1.0,-1.8369701987210297e-16
Turkey,2022-10,277.1931337762888,345.1626838704589,16.58050497197331,29.034611122653924,6.828211787519912,31.97063508553224,31.97063508553224,62.736893136643815,122.4,10.3,85.4,100.3937,0,10,-0.8660254037844386,0.5000000000000001
Turkey,2022-11,236.38211317852497,299.3428013997584,13.221276519611239,23.634742710714043,4.860821386522612,42.43477041346354,42.29749982685782,52.275954013435836,124.4,10.1,84.4,100.436,0,11,-0.5000000000000004,0.8660254037844384
Turkey,2022-12,210.96579287731527,290.6205627678895,9.56641790044436,18.860263868688964,1.0591453701779903,47.63487776161783,47.57604751021538,69.96502527875892,128.3,10.4,64.3,100.5543,0,12,-2.4492935982947064e-16,1.0
Turkey,2023-01,215.08037893504093,300.4348500624274,7.72372651130786,17.459706350855324,-1.1772560426622345,50.271452316642424,49.520603919939056,52.39992381743888,133.8,9.7,57.7,100.7309,0,1,0.49999999999999994,0.8660254037844387
Turkey,2023-02,223.92685506671748,299.18674960764054,5.899757353595916,20.192198213172656,-3.5661818685504536,37.37649421705105,23.09355218505437,96.56967241498718,127.1,10.0,55.2,100.9339,0,2,0.8660254037844386,0.5000000000000001
Turkey,2023-03,212.49067673065235,370.4658882810636,9.816870415921038,20.347634877761617,-0.39654754484382554,124.70652399750675,122.06634462220377,174.12199598310133,133.9,10.2,50.6,101.1573,0,3,1.0,6.123233995736766e-17
Turkey,2023-04,279.1340871356319,398.2484498078122,12.558706974167185,21.699023478080196,4.6029849712583975,93.93641526421497,93.7403144262068,152.36598794930396,138.8,10.1,43.7,101.2977,0,4,0.8660254037844387,-0.49999999999999983
Turkey,2023-05,320.6470213113019,446.33386627844345,16.3414900057863,28.676314149179305,7.728848950758362,92.64295311309648,92.64295311309648,132.16576632730798,142.7,9.5,39.7,101.2725,0,5,0.49999999999999994,-0.8660254037844387
Turkey,2023-06,378.45487290315197,449.1586266636078,21.342719371147588,31.526663896391717,13.114048756839114,56.829648867650114,56.829648867650114,90.41460627467276,141.4,9.3,38.3,101.0572,0,6,1.2246467991473532e-16,-1.0
Turkey,2023-07,422.9214474448061,455.62219967516603,26.502864665366424,39.617102984971254,15.18895006579403,15.732100560980678,15.732100560980678,23.426656970704343,147.2,9.4,48.0,100.7151,0,7,-0.4999999999999998,-0.8660254037844388
Turkey,2023-08,387.0750367279783,425.4229091964471,27.12867904800842,37.81265669367685,19.23254726781633,4.299290117044117,4.299290117044117,17.789008934136714,140.2,9.2,59.1,100.249,0,8,-0.8660254037844384,-0.5000000000000004
Turkey,2023-09,334.79502890839626,373.82665718742066,22.99282383359882,34.19767989472955,13.333825057136918,35.488288662649765,35.488288662649765,48.19817854422051,140.1,9.0,61.7,99.71225,0,9,-1.0,-1.8369701987210297e-16
Turkey,2023-10,285.9084790744203,345.49324255074987,18.43729706060423,26.92952074243368,10.010772906710992,29.31579749290117,29.31579749290117,50.70122584666528,143.1,8.5,61.5,99.19949,0,10,-0.8660254037844386,0.5000000000000001
Turkey,2023-11,199.71212401164672,299.5552921431924,14.210677101368978,27.07823602742572,1.3541588752683704,208.2064270378835,207.51037467968695,157.4101738347531,144.6,8.9,62.1,98.7822,0,11,-0.5000000000000004,0.8660254037844384
Turkey,2023-12,190.50778551434774,290.66692780172906,10.007704268680923,19.559955675600804,1.2617459657871046,73.31371632384513,73.22946533693468,118.66694369416165,147.7,8.9,64.9,98.50936,0,12,-2.4492935982947064e-16,1.0
Turkey,2024-01,183.2168381060939,300.2637362248078,7.233159297511891,16.80613962185747,-2.2661576286446428,111.12708290047787,109.33724980954361,153.21694715700534,151.1,9.2,64.9,98.39257,0,1,0.49999999999999994,0.8660254037844387
Turkey,2024-02,218.52297799988077,310.180476582231,9.14843240648531,18.91448507514371,-0.330289493732253,41.93795276681211,41.834285615347326,69.83492624142946,155.2,8.6,67.1,98.37598,0,2,0.8660254037844386,0.5000000000000001
Turkey,2024-03,267.3351206022847,371.523618294107,10.10162574925884,24.583901239698037,0.6054782187132073,56.66630306807951,54.84785303691391,111.39147447884203,156.4,8.8,68.6,98.43293,0,3,1.0,6.123233995736766e-17
Turkey,2024-04,313.4529533382775,399.1782944824395,16.422259620934046,29.010412770967516,7.024714315395802,49.93307708290049,49.93307708290049,61.790532585359095,153.6,8.6,69.8,98.52229,0,4,0.8660254037844387,-0.49999999999999983
Turkey,2024-05,354.6639587255004,447.0486312973736,16.898020928980426,29.191495255904144,6.276438811552047,70.32879354525937,70.32879354525937,93.9163030680795,152.6,8.4,75.5,98.63958,0,5,0.49999999999999994,-0.8660254037844387
Turkey,2024-06,411.75527675566167,449.2679775950166,25.679664104162338,36.629403005748316,15.27743611053397,10.043219752060391,10.043219752060391,10.673142184361797,155.6,9.1,71.6,98.75807,0,6,1.2246467991473532e-16,-1.0
Turkey,2024-07,420.94059120870554,455.0914075574639,27.18777537985161,36.746675670060256,18.433004363183045,33.54147794168571,33.54147794168571,59.44497541380982,158.1,9.0,61.8,98.88139,0,7,-0.4999999999999998,-0.8660254037844388
Turkey,2024-08,397.3857976975938,424.5280528401089,26.336461956752437,36.0778620403075,18.641744580649632,12.29656485906226,12.29656485906226,30.251437080130202,160.5,8.5,52.0,99.05328,0,8,-0.8660254037844384,-0.5000000000000004
Turkey,2024-09,319.3152594447138,372.8378611694986,22.402980238705357,32.64817508137682,13.651869935591108,74.42439573377658,74.42439573377658,104.38319828242953,164.1,8.5,49.5,99.32157,0,9,-1.0,-1.8369701987210297e-16
Turkey,2024-10,294.2023990941778,344.50917997754925,16.762906576945504,30.593465613962184,6.95324468453494,10.685182491862316,10.685182491862316,43.086051665627814,164.7,8.7,48.7,99.65386,0,10,-0.8660254037844386,0.5000000000000001
Turkey,2024-11,216.95902491583368,298.83411819378074,10.981582634993188,20.9066728997853,1.7276231040930812,67.25529815084148,64.04545328623867,71.84271763972575,167.4,8.4,47.1,99.9615,0,11,-0.5000000000000004,0.8660254037844384
Turkey,2024-12,165.45612579529976,290.54766051444386,8.62627237164579,17.313934482997436,1.8143777269894037,147.93519288039334,145.63842717639722,198.18952143500243,168.4,8.6,44.4,100.1682,0,12,-2.4492935982947064e-16,1.0
UK,2015-01,145.66813440740125,258.84854180124313,4.360260255690744,13.561067177224672,-3.3760426204944642,67.73926579538833,63.019412303338044,121.35211853825022,,5.5,0.3,101.3584,0,1,0.49999999999999994,0.8660254037844387
UK,2015-02,136.80714747727,278.1521569255992,3.683304991021632,10.358603179888453,-3.576800133189045,43.58683925747108,40.86674436027637,78.74252892699576,,5.5,0.0,101.3481,0,2,0.8660254037844386,0.5000000000000001
UK,2015-03,241.4963554117299,368.2745915494326,6.128937736806631,12.968167818196953,-1.850961458420045,31.278365104470158,30.086173312245062,82.86256555398319,,5.4,0.0,101.351,0,3,1.0,6.123233995736766e-17
UK,2015-04,315.39146204227825,417.34474362681175,8.939830738921723,20.661366852576375,1.0395654707400315,25.78543244818114,25.767143927411972,76.73736785149421,,5.6,-0.1,101.3388,0,4,0.8660254037844387,-0.49999999999999983
UK,2015-05,309.5978307555704,486.5293647513804,11.269267433398765,19.00971447598435,2.4775992674602514,60.26647798218596,60.26647798218596,110.70964788146175,,5.6,0.1,101.2964,0,5,0.49999999999999994,-0.8660254037844387
UK,2015-06,330.8419480197379,499.62737181779926,14.790459224728767,26.550137351202864,5.9709897610921505,32.203254807292105,32.203254807292105,81.39340714226255,,5.5,0.0,101.222,0,6,1.2246467991473532e-16,-1.0
UK,2015-07,322.1547465255233,502.0420284899692,16.72752689962218,31.70787480229751,8.193956547074004,76.1908016315658,76.1908016315658,116.97311246150004,,5.4,0.1,101.1016,0,7,-0.4999999999999998,-0.8660254037844388
UK,2015-08,255.27456227535905,453.23254170505095,16.505491899904136,26.522950137351202,7.984341962873553,101.9906351452593,101.9906351452593,130.16415549821028,,5.3,0.0,100.9463,0,8,-0.8660254037844384,-0.5000000000000004
UK,2015-09,269.17087024080394,380.0211547053193,12.979047420849636,19.66035961042204,6.386714392741197,54.93004245400816,54.93004245400816,105.06792641305253,,5.2,-0.1,100.7703,0,9,-1.0,-1.8369701987210297e-16
UK,2015-10,172.58506801034991,330.2450227993747,11.156915492087874,17.92232581370182,3.0459835178556567,50.345342545575626,50.345342545575626,80.9220844085574,,5.0,-0.1,100.5929,0,10,-0.8660254037844386,0.5000000000000001
UK,2015-11,80.54127704963142,264.966693443908,9.627219956158607,16.013701823025055,-2.505294264546741,68.0484225422459,67.68136185798717,125.82402397402814,,5.0,0.1,100.4224,0,11,-0.5000000000000004,0.8660254037844384
UK,2015-12,82.46869362634924,242.79221620073625,10.06754268896867,14.600316323982353,2.468217764088904,73.02758678098725,72.76060101556646,131.9428119537168,,5.0,0.2,100.2633,0,12,-2.4492935982947064e-16,1.0
UK,2016-01,106.28429630677876,258.5736830149283,5.3296692024500345,12.9195288437526,-3.4561891284441852,78.8260051610755,75.80365437442771,149.2592191792225,,5.0,0.3,100.1083,0,1,0.49999999999999994,0.8660254037844387
UK,2016-02,164.0459764650795,288.55919506714946,4.722264960086343,12.576450511945394,-3.4880213102472326,42.24043952384917,41.82524764838092,96.95679680346292,,5.0,0.3,99.98053,0,2,0.8660254037844386,0.5000000000000001
UK,2016-03,213.2825289080348,369.88167402420527,5.478329390472149,12.818696412220095,-3.5637226338133687,66.90626820943977,64.19648713893281,119.44210438691418,,4.9,0.5,99.89929,0,3,1.0,6.123233995736766e-17
UK,2016-04,305.69518308776605,418.7895096543559,7.414878048780487,15.457221343544495,-0.8352035295096978,59.82036959960044,58.665395821193705,154.19129276617,,4.9,0.3,99.8549,0,4,0.8660254037844387,-0.49999999999999983
UK,2016-05,319.7074340055218,487.69427646068596,12.534456220814548,23.43292266711063,0.861549987513527,46.998801298593186,46.998801298593186,96.82369100141513,,4.9,0.3,99.84909,0,5,0.49999999999999994,-0.8660254037844387
UK,2016-06,276.3952380885985,499.8223502636033,15.170389577957215,23.487938067093978,8.666694414384416,108.41303587779906,108.41303587779906,176.69649546324814,,4.9,0.5,99.88876,0,6,1.2246467991473532e-16,-1.0
UK,2016-07,343.4096641626664,501.15255049784037,17.40389980746664,29.33364688254391,9.707092316656954,29.477474402730376,29.477474402730376,87.09065179388995,,4.9,0.6,99.98785,0,7,-0.4999999999999998,-0.8660254037844388
UK,2016-08,326.41727288770494,451.8402200054108,17.681994237425588,28.622434029801042,10.095737950553568,49.98188628985265,49.98188628985265,88.82160992258386,,4.7,0.6,100.1692,0,8,-0.8660254037844384,-0.5000000000000004
UK,2016-09,215.35693438427816,378.5092872825273,16.79406587308194,28.407575126945808,7.570173978190294,39.53750104053942,39.53750104053942,78.37775742945142,,4.7,1.0,100.3988,0,9,-1.0,-1.8369701987210297e-16
UK,2016-10,220.07669264107406,328.7485824407817,10.973834528722916,17.1261383501207,4.984916340630983,20.606076750187295,20.606076750187295,52.88112877715808,,4.7,0.9,100.6077,0,10,-0.8660254037844386,0.5000000000000001
UK,2016-11,160.88418944684923,263.7954955469538,6.146611448708343,13.620402896861732,-3.87999667027387,67.33582785315909,66.51187047365354,93.69557978856238,,4.7,1.2,100.7828,0,11,-0.5000000000000004,0.8660254037844384
UK,2016-12,99.16501012814821,242.5949549971327,6.216485098132938,12.939915091983682,-2.144385249313244,14.146624490135686,14.146624490135686,36.44252060268043,,4.6,1.6,100.9265,0,12,-2.4492935982947064e-16,1.0
UK,2017-01,128.00970037968125,259.51362748342075,3.158630032518536,10.402014484308665,-4.487638391742279,64.56159993340547,58.73677682510613,124.16607009073503,,4.6,1.8,101.0296,0,1,0.49999999999999994,0.8660254037844387
UK,2017-02,122.19323797714513,279.03143037242063,6.260836177474403,15.22017814034796,-2.01811371014734,49.16459668692249,47.439282444018986,136.80895696328977,,4.5,2.3,101.1023,0,2,0.8660254037844386,0.5000000000000001
UK,2017-03,193.75164732789477,369.375678613909,8.75842541547732,18.64426038458337,1.2963622742029468,52.17441937900608,51.78285191043036,119.61383501207025,,4.5,2.3,101.1412,0,3,1.0,6.123233995736766e-17
UK,2017-04,283.7207567561068,418.3096606248324,9.281450650683981,20.80764172146841,-0.568633979855157,14.628219428951967,14.358836260717554,57.99508865395821,,4.4,2.7,101.1409,0,4,0.8660254037844387,-0.49999999999999983
UK,2017-05,314.7831596814099,487.33277312749146,13.45686876851153,24.98922001165404,5.100549404811455,70.44446849246648,70.44446849246648,146.3030883209856,,4.4,2.9,101.1492,0,5,0.49999999999999994,-0.8660254037844387
UK,2017-06,312.15052408478783,499.75101375061274,16.967070395959933,30.314109714475983,9.34375260134854,74.63505369183385,74.63505369183385,131.7240489469741,,4.3,2.6,101.1494,0,6,1.2246467991473532e-16,-1.0
UK,2017-07,300.66200483041524,501.4477320220225,17.330109854109658,27.184042287521848,10.323774244568384,80.46920835761259,80.46920835761259,145.90518604844752,,4.3,2.6,101.1326,0,7,-0.4999999999999998,-0.8660254037844388
UK,2017-08,290.6110379829259,452.27773093315574,16.144430898784382,25.244268708898694,8.362898526596187,68.89701989511364,68.89701989511364,141.0782485640556,,4.2,2.9,101.0895,0,8,-0.8660254037844384,-0.5000000000000004
UK,2017-09,218.5448718122497,378.99868346004797,13.823991231721193,20.577848996920004,6.706867560143177,76.34504287022392,76.34504287022392,184.53159077665862,,4.2,3.0,101.0143,0,9,-1.0,-1.8369701987210297e-16
UK,2017-10,161.163165188407,329.20943142891497,12.785578795015079,21.707916423874135,2.394639140930659,32.738782985099476,32.738782985099476,84.71347706651127,,4.2,3.0,100.8845,0,10,-0.8660254037844386,0.5000000000000001
UK,2017-11,144.7188480222814,264.17789025153303,6.984461555537058,14.793781736452178,-1.4623824190460337,40.33005077832348,40.27335386664447,112.13169066844252,,4.3,3.1,100.7256,0,11,-0.5000000000000004,0.8660254037844384
UK,2017-12,101.74960100562353,242.65907010484017,4.9804284605655695,12.92840256388912,-4.433089153417132,85.43387163905768,68.168117872305,142.258053775077,,4.2,3.0,100.5681,0,12,-2.4492935982947064e-16,1.0
UK,2018-01,117.33885816407225,259.18413214341876,5.505400869488162,12.684050611837176,-2.1693165737118125,64.70491134604178,61.78945309248315,127.75018729709481,,4.2,3.0,100.4219,0,1,0.49999999999999994,0.8660254037844387
UK,2018-02,177.1638534793326,278.6233175548249,2.643309331557479,10.170007491883792,-6.076425538999418,35.90516107550154,32.00291351036377,105.06667776575377,,4.2,2.7,100.2935,0,2,0.8660254037844386,0.5000000000000001
UK,2018-03,152.19173628661542,368.8481748205648,5.026228843484074,13.62498127029052,-3.989361525014568,101.06479647049031,81.86631149587946,266.68484142179307,,4.2,2.5,100.1853,0,3,1.0,6.123233995736766e-17
UK,2018-04,198.27804294999862,417.8601821110463,10.16883903548933,24.926279863481227,2.356022642137684,75.05653874968785,72.92329975859485,180.12319986681095,,4.0,2.4,100.0961,0,4,0.8660254037844387,-0.49999999999999983
UK,2018-05,330.6478242616795,486.9504964147637,13.620030987935113,24.71915424956297,2.0762923499542163,60.45276783484558,60.45276783484558,98.11454257887289,,3.9,2.4,100.0049,0,5,0.49999999999999994,-0.8660254037844387
UK,2018-06,347.31447350786647,499.695187954022,16.558619828519106,27.100740864063933,7.337850661783069,16.40436194123033,16.40436194123033,59.80754182968451,,4.0,2.4,99.86325,0,6,1.2246467991473532e-16,-1.0
UK,2018-07,409.4675660809586,501.7423713252772,20.349314318090887,31.574644135519854,11.65555648047948,36.31744776492133,36.31744776492133,84.95996004328644,,4.0,2.5,99.6551,0,7,-0.4999999999999998,-0.8660254037844388
UK,2018-08,283.8025275731384,452.71803380781927,17.648404550983745,29.131366020144842,8.152509781070508,61.528760509448105,61.528760509448105,122.87929742778657,,4.0,2.7,99.37637,0,8,-0.8660254037844384,-0.5000000000000004
UK,2018-09,245.58114516472895,379.4967774480424,14.229971974805071,23.177499375676348,4.1,44.2004994589195,44.2004994589195,80.80812453175726,,4.0,2.4,99.0269,0,9,-1.0,-1.8369701987210297e-16
UK,2018-10,211.5794128381753,329.6893972229159,11.149067810946743,22.328577374510946,-0.3331973695163573,41.25956047615084,41.23106634479314,83.3089985848664,,4.0,2.4,98.66154,0,10,-0.8660254037844386,0.5000000000000001
UK,2018-11,135.58664888616036,264.56778845070613,8.232112433752324,15.309739448930328,-2.287205527345376,55.78241904603346,55.74015649712811,142.97136435528176,,3.9,2.3,98.32132,0,11,-0.5000000000000004,0.8660254037844384
UK,2018-12,119.07986847512416,242.70745354083996,6.888393487700154,13.909314908848748,-1.0261466744360277,70.44292849413137,70.06317322900192,138.82818613169067,,3.8,2.1,98.04418,0,12,-2.4492935982947064e-16,1.0
UK,2019-01,135.89519647927708,258.88745439477606,3.603108460458159,10.91992008657288,-4.80124864729876,28.75405810372097,23.349604595022058,83.99475568134521,,3.8,1.8,97.8605,0,1,0.49999999999999994,0.8660254037844387
UK,2019-02,181.34726868600683,278.2034314772422,6.54751073242083,16.89786065096146,-4.153267293765087,52.5867476900025,43.47700824107218,101.98368434196287,,3.7,1.9,97.77476,0,2,0.8660254037844386,0.5000000000000001
UK,2019-03,200.96081296304004,368.34274812749146,8.123749271622408,16.459901773079164,0.49083492882710394,61.56996587030718,60.67825688837093,158.92466494630816,,3.7,1.9,97.755,0,3,1.0,6.123233995736766e-17
UK,2019-04,282.4077914215618,417.4099328817392,9.014002608285468,22.023507866477985,-1.2782818613169067,40.04644135519853,39.34344460168151,112.24481811371015,,3.7,2.1,97.7729,0,4,0.8660254037844387,-0.49999999999999983
UK,2019-05,332.3128337601857,486.5867206281158,11.756847017881167,21.392150170648463,2.604245400815783,51.78719720303005,51.78719720303005,165.2951802214268,,3.8,2.0,97.80695,0,5,0.49999999999999994,-0.8660254037844387
UK,2019-06,309.3251838938372,499.64692904099263,15.171639057687505,29.70387913094148,8.00828269374844,103.45654707400317,103.45654707400317,184.91018063764255,,3.8,2.0,97.83329,0,6,1.2246467991473532e-16,-1.0
UK,2019-07,339.6347631977395,502.0091567484761,18.364314734306653,34.13457920586032,9.26628652293349,80.75532339965038,80.75532339965038,134.11945392491467,,3.8,2.1,97.84807,0,7,-0.4999999999999998,-0.8660254037844388
UK,2019-08,353.7923850344996,453.1852108433457,17.701742467165946,30.313285607258802,9.851136269041872,63.53471239490552,63.53471239490552,140.14600849080162,,3.8,1.7,97.84808,0,8,-0.8660254037844384,-0.5000000000000004
UK,2019-09,255.8015667929188,379.9681315269569,14.905051194539247,23.70095729626238,6.544068925330892,95.77968034629153,95.77968034629153,154.4053109131774,,3.7,1.7,97.84759,0,9,-1.0,-1.8369701987210297e-16
UK,2019-10,169.7908988232655,330.1995591976748,10.656158247919594,17.316540414550904,0.5691084658286857,113.09781902938484,113.09781902938484,199.86789311579122,,3.7,1.5,97.89471,0,10,-0.8660254037844386,0.5000000000000001
UK,2019-11,111.9974843438127,264.9228436626525,6.5785315907766595,15.074444351952053,-2.299883459585449,108.35178556563723,108.06726046782651,206.21276949970866,,3.7,1.5,98.03542,0,11,-0.5000000000000004,0.8660254037844384
UK,2019-12,129.9966980652904,242.77533339923414,6.07184985083364,12.390668442520603,-1.762773661866312,95.61250312161825,95.26856738533256,173.62190959793557,,3.7,1.3,98.27435,0,12,-2.4492935982947064e-16,1.0
UK,2020-01,122.22051003727444,258.59755811990715,6.5406401129958684,12.915108632314992,-2.358195288437526,59.59264962956796,59.434088071256134,115.2973445434113,,3.9,1.8,98.60852,0,1,0.49999999999999994,0.8660254037844387
UK,2020-02,156.02494618931343,288.6029559007834,6.663828840595103,13.542520602680431,-0.959876800133189,115.24786481311911,112.93361358528261,203.31316074252894,,3.9,1.7,99.03053,0,2,0.8660254037844386,0.5000000000000001
UK,2020-03,231.94041304743936,369.9471076912049,6.564200610628808,14.312994256222426,-1.4235994339465579,46.50666777657538,46.250986431366016,118.87530175643053,,3.9,1.5,95.76293,1,3,1.0,6.123233995736766e-17
UK,2020-04,322.32307465685324,418.85613264680853,10.54999112073032,22.084641638225254,-1.8182468991925416,32.15444934654124,32.15444934654124,66.11895446599517,,3.9,0.8,87.2066,1,4,0.8660254037844387,-0.49999999999999983
UK,2020-05,391.0089402256352,487.75710619074704,13.31818648077486,25.062232581370182,1.0002164321984515,7.600566053442105,7.600566053442105,34.34304503454591,,3.8,0.5,89.51069,1,5,0.49999999999999994,-0.8660254037844387
UK,2020-06,313.1676664305799,499.84451534911256,15.660654291184553,29.22175976025972,6.729459751935403,88.65873636893366,88.65873636893366,197.9576292349954,,4.0,0.6,94.63048,1,6,1.2246467991473532e-16,-1.0
UK,2020-07,310.551776665788,501.12514164469974,16.737316294444458,32.86249895946059,8.611362690418712,56.38887871472571,56.38887871472571,146.70407059019396,,4.4,1.0,99.30018,1,7,-0.4999999999999998,-0.8660254037844388
UK,2020-08,306.5277689600155,451.7795436314363,18.472020365034652,32.3614417714143,7.701839673686839,89.31003912428203,89.31003912428203,155.78523266461335,,4.7,0.2,99.34047,1,8,-0.8660254037844384,-0.5000000000000004
UK,2020-09,263.4653437845112,378.44962080015176,14.849865423568914,27.083584450178975,5.597419462249229,29.97640889036877,29.97640889036877,77.87555148589028,,4.9,0.5,98.44017,1,9,-1.0,-1.8369701987210297e-16
UK,2020-10,166.63077620980047,328.6795957372568,10.822302720439954,17.07215516523766,4.951702322483976,154.34237908931988,154.34237908931988,242.52243402980105,,,0.7,97.9418,1,10,-0.8660254037844386,0.5000000000000001
UK,2020-11,135.2314253597954,263.748452322484,9.003300036072034,16.730183967368685,0.5056688587363689,51.5938233580288,51.5938233580288,114.43944060601015,,,0.3,97.90448,1,11,-0.5000000000000004,0.8660254037844384
UK,2020-12,110.51233874853168,242.57158695926634,5.432988724580629,13.548564055606429,-3.153292266711063,93.57854823940731,91.15278448347624,184.69000249729459,,,,99.01327,1,12,-2.4492935982947064e-16,1.0
UK,2021-01,101.11847110560782,259.5281818735721,3.377014148650789,12.092774494297844,-4.119254141346874,118.10520269707817,108.26519603762591,219.13518688087905,,,,98.63537,1,1,0.49999999999999994,0.8660254037844387
UK,2021-02,137.35963609191893,279.08371421307476,5.108305288318608,14.059935070340465,-8.9226504619995,50.24386081744777,44.28651460917339,154.1121285274286,,,,99.40902,1,2,0.8660254037844386,0.5000000000000001
UK,2021-03,207.9211909049918,369.4360246503787,6.965491685083095,20.705602264213766,-2.442687088986931,37.07153084158827,37.01082160992259,113.15899442270873,,,,100.6293,1,3,1.0,6.123233995736766e-17
UK,2021-04,329.7854078158384,418.3880112859218,6.432029190599074,15.749338216931656,-2.3555315075335055,13.92388246066761,12.561466744360276,60.5159410638475,,,,101.3255,1,4,0.8660254037844387,-0.49999999999999983
UK,2021-05,316.8191831483486,487.39289271183065,10.485006028415452,21.80254724048947,0.7163656039290769,96.52051943727628,96.23943228169483,233.41063847498543,,,,101.8338,1,5,0.49999999999999994,-0.8660254037844387
UK,2021-06,284.64906666042344,499.78085063681016,16.441380171480898,26.437284608340963,6.3317905602264215,85.01934570881545,85.01934570881545,162.33155747939733,,,,102.188,1,6,1.2246467991473532e-16,-1.0
UK,2021-07,371.2092901782328,501.43155901731456,17.819565094803206,28.58296845084492,10.253233996503788,88.1602513943228,88.1602513943228,202.85524015649713,,,,102.3423,1,7,-0.4999999999999998,-0.8660254037844388
UK,2021-08,278.78765377276466,452.2188114968044,16.218031541099293,22.487388662282527,9.367759926746025,58.45169399816864,58.45169399816864,151.87496878381754,,,,102.3057,1,8,-0.8660254037844384,-0.5000000000000004
UK,2021-09,246.39309286051218,378.9475925511251,16.160211992563614,27.350120702572212,6.797203030050778,51.985607258802965,51.985607258802965,106.22051111296096,,,,102.1119,1,9,-1.0,-1.8369701987210297e-16
UK,2021-10,192.97683908057937,329.1397400660858,12.254630333267993,20.087388662282525,3.7315991009739453,118.29983351369349,118.29983351369349,139.86631149587947,,,,101.8119,1,10,-0.8660254037844386,0.5000000000000001
UK,2021-11,145.83043922463628,264.13599238140165,7.517238824606676,14.723632731207859,-2.4934820611004747,19.499642054441022,16.430816615333388,50.56688587363689,,,,101.4034,1,11,-0.5000000000000004,0.8660254037844384
UK,2021-12,71.75677284816449,242.62807132019014,6.795248964159795,14.556888370931492,-2.090701739781903,76.9025555648048,73.62213435444934,141.81353533671856,,,,100.84,1,12,-2.4492935982947064e-16,1.0
UK,2022-01,144.4954528973242,259.1934980504916,4.418317521609655,14.629318238574877,-3.5190044118871224,22.03361358528261,21.32789478065429,61.71197868975277,,,,100.0938,1,1,0.49999999999999994,0.8660254037844387
UK,2022-02,152.61751611448707,278.667624501466,7.09514751875944,14.823183218180304,-1.0417714143011736,75.73634396070923,73.46201614917173,140.08032964288688,,,,99.20371,1,2,0.8660254037844386,0.5000000000000001
UK,2022-03,242.7617976208644,368.9035910328625,7.731928045692436,18.024373595271786,-0.9590027470240573,45.620486140014975,45.298210272205104,120.58478315158578,,,,98.28882,1,3,1.0,6.123233995736766e-17
UK,2022-04,298.87884570835297,417.9425571376379,9.427732179028274,20.338175310080747,-2.877149754432698,26.86559560476151,26.066952468159492,79.871139598768,,,,97.47148,1,4,0.8660254037844387,-0.49999999999999983
UK,2022-05,311.62670861682244,487.0183482898156,13.447727327653109,23.25635561475069,4.711945392491468,82.02717888953633,82.02717888953633,132.51785565637226,,,,96.78616,1,5,0.49999999999999994,-0.8660254037844387
UK,2022-06,377.6563200789423,499.72927874871664,15.932693193484836,29.219220844085573,6.35746274868892,63.26643636060933,63.26643636060933,109.01539998335137,,,,96.23289,1,6,1.2246467991473532e-16,-1.0
UK,2022-07,370.20245292414705,501.7152476983268,19.51987014068093,37.25797885623907,9.60512777824024,24.68601515025389,24.68601515025389,70.68450844918006,,,,95.811,0,7,-0.4999999999999998,-0.8660254037844388
UK,2022-08,341.6976369273565,452.6516776850541,19.47527114443224,31.963015067010733,10.026737700824107,32.01430949804379,32.01430949804379,68.58053775077,,,,95.50711,0,8,-0.8660254037844384,-0.5000000000000004
UK,2022-09,257.3284609663605,379.4266009885124,14.777184439079884,24.19557978856239,5.113726795971032,57.58800466161658,57.58800466161658,132.29559643719304,,,,95.33255,0,9,-1.0,-1.8369701987210297e-16
UK,2022-10,212.98289217468113,329.6148800623399,13.28619721108584,20.41188712228419,4.856297344543411,86.8061766419712,86.8061766419712,133.0772496462166,,,,95.33527,0,10,-0.8660254037844386,0.5000000000000001
UK,2022-11,134.24480621572,264.5081911954179,9.463668525763755,16.215899442270874,1.8458669774411054,131.84405227670024,131.84405227670024,177.7955548156164,,,,95.49432,0,11,-0.5000000000000004,0.8660254037844384
UK,2022-12,118.12912280654291,242.67774897934646,4.018028050257382,13.020502788645635,-5.489561308582369,58.75303421293598,57.18842087738283,122.12369932573046,,,,95.77454,0,12,-2.4492935982947064e-16,1.0
UK,2023-01,141.9627687710998,258.90091784039515,4.958784972194101,12.894422708732206,-4.458353450428703,61.664213768417554,60.399617081495045,130.22675434945475,,,,96.15401,0,1,0.49999999999999994,0.8660254037844387
UK,2023-02,136.4531575203252,278.23170366871074,6.02258029991319,13.37655872804462,-2.8052526429701157,13.843103304753186,13.838541579955049,45.7092316656955,,,,96.60606,0,2,0.8660254037844386,0.5000000000000001
UK,2023-03,146.60752658971302,368.3916756437471,7.076038324073652,14.914933821693166,-3.9068758844585036,101.96710230583535,90.35636393906601,261.82011154582534,,,,97.08313,0,3,1.0,6.123233995736766e-17
UK,2023-04,248.9001194277958,417.46748734611583,8.52991231721191,17.101981187047365,-1.032381586614501,71.12887704986265,70.98837093149089,153.01656538749688,,,,97.56602,0,4,0.8660254037844387,-0.49999999999999983
UK,2023-05,331.83221954179265,486.65264342656576,12.472320845965255,20.647540164821443,4.8123116623657705,42.47524348622326,42.47524348622326,99.30250561891285,,,,97.98802,0,5,0.49999999999999994,-0.8660254037844387
UK,2023-06,387.66448209324165,499.6742540726713,17.618320985598935,29.122758678098723,6.998268542412387,45.321759760259724,45.321759760259724,65.42137684175476,,,,98.32699,0,6,1.2246467991473532e-16,-1.0
UK,2023-07,334.31467598157553,501.98060387797483,16.87672897371933,27.052684591692334,9.22369932573046,104.15444934654124,104.15444934654124,191.24914675767917,,,,98.59596,0,7,-0.4999999999999998,-0.8660254037844388
UK,2023-08,320.651440139386,453.12536931056167,16.854055686984264,25.40804961291934,9.753608590693414,62.269424789811026,62.269424789811026,137.54232914342796,,,,98.83938,0,8,-0.8660254037844384,-0.5000000000000004
UK,2023-09,270.73859944458314,379.8907858234598,17.575817863980685,30.314209606259887,8.0066428036294,66.13334720719222,66.13334720719222,105.21168733871639,,,,99.05981,0,9,-1.0,-1.8369701987210297e-16
UK,2023-10,195.4979703388459,330.1246861312282,12.684793355585215,22.571938733039207,2.229101806376425,108.89592108549071,108.89592108549071,160.9883459585449,,,,99.24259,0,10,-0.8660254037844386,0.5000000000000001
UK,2023-11,139.90583147585485,264.85006262729263,7.379642609395377,14.512994256222424,-2.950087405310913,87.86251560809123,87.67092316656954,163.9364022309165,,,,99.38853,0,11,-0.5000000000000004,0.8660254037844384
UK,2023-12,87.71890775224988,242.75513390493632,7.293725077402707,13.582119370681761,-4.198385082826937,95.61326895862815,93.90360442853576,178.58078748022976,,,,99.53013,0,12,-2.4492935982947064e-16,1.0
UK,2024-01,138.5694379403794,258.62083093199954,4.798991683740465,12.842137684175476,-5.029201698160326,71.19862648797137,70.65287605094481,98.95521518355115,,,,99.6707,0,1,0.49999999999999994,0.8660254037844387
UK,2024-02,100.41296386391595,288.64390376374666,8.032677243331218,16.210372096895032,-1.702180970615167,109.4965454091401,107.43330558561559,189.40764172146842,,,,99.83053,0,2,0.8660254037844386,0.5000000000000001
UK,2024-03,179.64684170458855,370.0067514928272,8.072154896711359,15.761316906684424,-1.235744610005827,88.79598768001331,86.8152418213602,178.12627986348122,,,,100.0318,0,3,1.0,6.123233995736766e-17
UK,2024-04,239.6231797906435,418.91155413625984,9.677674186298177,18.96921668192791,0.8522767002414051,73.46917506035129,73.070473653542,188.741280279697,,,,100.2734,0,4,0.8660254037844387,-0.49999999999999983
UK,2024-05,296.3302435618358,487.821233583294,13.831429929404436,24.07069008574045,6.156197452759511,85.76719387330392,85.76719387330392,182.8014650794972,,,,100.5232,0,5,0.49999999999999994,-0.8660254037844387
UK,2024-06,372.1905345711128,499.8609908289168,15.000090180082687,27.237367851494216,5.912303338050445,31.481561641554983,31.481561641554983,103.91392657953884,,,,100.7257,0,6,1.2246467991473532e-16,-1.0
UK,2024-07,317.0551314504195,501.095750480498,17.008480060579533,28.485032881045534,8.537009905935237,84.0967451927079,84.0967451927079,147.59885124448513,,,,100.8346,0,7,-0.4999999999999998,-0.8660254037844388
UK,2024-08,305.13876708242003,451.71519327880907,17.96539931203562,29.701406809289935,9.576308998584866,37.828535752934314,37.828535752934314,76.41246982435695,,,,100.8206,0,8,-0.8660254037844384,-0.5000000000000004
UK,2024-09,220.50886144107776,378.3790885055079,14.46227836510447,25.93159077665862,4.223874136352285,156.24842254224592,156.24842254224592,184.6375593107467,,,,100.702,0,9,-1.0,-1.8369701987210297e-16
UK,2024-10,179.79276761656357,328.6068622783651,11.787151553558912,20.247365354199616,1.9116623657704153,83.39160909015233,83.39160909015233,148.3418796304004,,,,100.5504,0,10,-0.8660254037844386,0.5000000000000001
UK,2024-11,115.42706925945964,263.68900296669347,7.876347290435361,16.676425538999418,-0.9106884208773829,61.15747107300425,56.49165903604428,87.60043286439691,,,,100.4008,0,11,-0.5000000000000004,0.8660254037844384
UK,2024-12,73.79896226449125,242.55577962993794,7.454877377464735,13.865687172230084,2.0139931740614334,52.63525347540164,51.550778323482895,122.61741446766004,,,,100.2754,0,12,-2.4492935982947064e-16,1.0
